Semester Id (Schedule),Course Id,Section Id,Department Id,Class Id,Count of Class Id
F20,2250,W,QBS,2,1
,,,,3,16
,,,,4,3
,,,,5,1
,,,QCS,2,1
,3120,W2,CS,4,1
,,,QBA,2,3
,,,,4,2
,,,QBS,2,1
,,,,3,8
,,,,4,4
,,,QCS,3,2
,,,QIS,3,1
,,,,4,1
,3121,W,BA,2,1
,,,QCS,3,1
,,,SPC,0,5
,3125,W,QBS,2,3
,,,,3,1
,,,,4,7
,,,QCS,3,3
,,,QIS,3,2
,3128,W,QBA,2,2
,,,,4,1
,,,QCS,2,4
,,,,3,6
,,,,4,1
,,,QIS,2,3
,3151,2,QBS,1,17
,,,QCS,4,7
,,W,QBS,1,17
,,,QCS,4,7
,3201,W,QBS,2,18
,,,,3,1
,,,QCS,2,1
,3210,W1,QBS,2,3
,,,,3,1
,,,QCS,2,1
,3232,1,BSA,2,1
,,,CMY,2,2
,,,QBS,2,17
,,,,3,2
,,,QCS,2,2
,,W,QBS,2,15
,,,,3,2
,,,QCS,2,2
,,X,CMY,2,2
,,,QBS,2,2
,,Y,BSA,2,1
,3343,2,QBS,2,1
,,,,3,13
,,,,4,2
,,W,QBS,2,1
,,,,3,13
,,,,4,2
,3390,W,QBS,2,1
,,,,3,13
,,,,4,7
,3411,W,QBS,2,1
,,,,3,15
,,,,4,13
,3435,W,QBS,3,5
,,,,4,9
,3445,W,QBS,4,1
,,X,QBS,3,1
,,XX,QBS,4,2
,7129,W1,QCS,1,27
,7599,W,QCS,4,1
,9105,3,QBS,1,15
,,,QCS,2,1
,,,,4,1
,,W,QBS,1,15
,,,QCS,2,1
,,,,4,1
,9217,W,QBS,2,13
,,,QCS,2,1
,15110,W,QBA,4,2
,,,,5,1
,,,QCS,1,2
,,,QIS,1,28
,,,,2,1
,15112,W,QBA,2,1
,,,,3,1
,,,QBS,2,1
,,,QCS,1,25
,,,QIS,2,2
,,,SPC,0,2
,15121,2,QBA,3,1
,,,,5,1
,,,QBS,3,1
,,,QCS,3,1
,,,QIS,1,1
,,,,2,18
,,,,3,10
,,,,4,2
,,,,5,2
,,W,QBA,3,1
,,,,5,1
,,,QBS,3,1
,,,QCS,3,1
,,,QIS,1,1
,,,,2,18
,,,,3,10
,,,,4,2
,,,,5,2
,15150,3,QCS,2,21
,,,,3,5
,,W,QCS,2,21
,,,,3,5
,15213,3,QBS,5,1
,,,QCS,2,13
,,,,3,10
,,W,QBS,5,1
,,,QCS,2,13
,,,,3,10
,15281,W,QCS,3,2
,,,,4,2
,15295,W,QCS,2,1
,,,,3,1
,,,,4,1
,15317,W,QBS,4,1
,,,,5,1
,,,QCS,3,5
,,,,4,2
,,,QIS,5,1
,15440,2,QCS,3,3
,,,,4,6
,,,,5,4
,,W,QCS,3,3
,,,,4,6
,,,,5,4
,15451,2,QBS,5,1
,,,QCS,3,9
,,,,4,4
,,,,5,2
,,,QIS,5,1
,,W,QBS,5,1
,,,QCS,3,9
,,,,4,4
,,,,5,2
,,,QIS,5,1
,15591,W,QCS,2,1
,,X,QCS,3,1
,,Y,QCS,2,1
,17313,2,HSS,2,1
,,,QBS,5,1
,,,QCS,2,1
,,,,3,2
,,,,4,1
,,,QIS,3,1
,,,,4,3
,,W,HSS,2,1
,,,QBS,5,1
,,,QCS,2,1
,,,,3,2
,,,,4,1
,,,QIS,3,1
,,,,4,3
,17726,W2,ICT,10,1
,,,QBS,2,1
,,,QCS,3,1
,,,QIS,4,1
,21111,W,QBA,1,38
,,,QBS,1,1
,,,,2,1
,,,,3,1
,,,QIS,1,1
,,X,QBA,1,4
,,,QIS,1,22
,21120,W,QBA,1,1
,,,,2,1
,,,QBS,1,15
,,,,5,1
,,,QCS,1,23
,,,QIS,2,1
,,,,5,1
,21124,W,QBS,2,11
,,,,3,2
,21127,W,HSS,2,1
,,,QBS,2,3
,,,QCS,1,22
,,,,2,1
,21241,6,QBA,2,1
,,,QCS,1,1
,,,,2,21
,,,SPC,0,1
,,W,QBA,2,1
,,,QCS,1,1
,,,,2,21
,,,SPC,0,1
,21256,W,HSS,2,1
,,,QBA,1,7
,,,,2,28
,,,,4,1
,,,,5,1
,,,QIS,2,3
,,,,3,1
,21295,W,QCS,2,1
,,,,4,1
,21301,W,QCS,5,1
,,,QIS,5,1
,33121,W,QBS,2,14
,,,QCS,2,9
,,,,3,5
,33124,W,QBA,2,5
,,,,4,4
,,,QBS,4,1
,,,QCS,2,4
,,,,4,1
,,,QIS,2,3
,,,,3,4
,,,,4,4
,,,,5,1
,36202,W,QBA,3,3
,,,QCS,3,1
,,,,4,2
,,,QIS,3,8
,,,,4,5
,,,,5,1
,38101,W,QBS,1,17
,,,,2,1
,,,,3,1
,,,QCS,2,1
,38110,W,QBS,2,1
,,,,3,3
,,,,4,6
,38220,W,QBS,3,1
,,,,4,10
,38330,W1,MSC,4,1
,,,QBS,2,1
,,,,3,17
,,,,4,1
,38430,W2,QBS,3,1
,,,,4,14
,51217,W2,QBA,2,2
,,,,4,3
,,,QBS,3,2
,,,,4,3
,,,,5,1
,,,QIS,3,5
,,,,4,6
,51273,W2,QBA,2,1
,,,,4,1
,,,QBS,3,1
,,,,4,2
,,,QIS,1,1
,,,,2,2
,,,,3,3
,,,,4,1
,,,,5,1
,51275,W1,QBA,2,4
,,,,4,1
,,,QBS,2,1
,,,,4,1
,,,QCS,1,1
,,,QIS,2,2
,,,,3,2
,,,,4,6
,62210,W2,QBA,2,3
,,,,4,2
,,,QBS,2,2
,,,,3,1
,,,,4,1
,,,QIS,2,1
,,,,3,2
,,,,4,4
,66501,W,QIS,4,2
,,Y,QIS,4,2
,,Z,QIS,4,1
,67102,W,QIS,1,30
,,,,2,2
,67212,W,QCS,2,1
,,,,3,1
,,,,4,4
,,,QIS,2,1
,,,,4,1
,67262,W,QBA,3,1
,,,QBS,3,1
,,,QCS,3,1
,,,QIS,2,13
,,,,3,5
,,,,4,1
,,X,HSS,2,1
,,,QBA,5,1
,,,QCS,3,1
,,,QIS,2,8
,,,,3,10
,,,,4,1
,67301,W,QBA,4,1
,,,QCS,4,1
,,,QIS,3,7
,,,,4,6
,67316,W,QIS,3,2
,,,,4,2
,,,,5,1
,67329,W,QBA,3,2
,,,,4,4
,,,,5,1
,,,QCS,3,1
,,,QIS,3,11
,,,,4,4
,67352,W,QCS,4,1
,,,QIS,2,4
,,,,3,4
,,,,4,2
,,,,5,1
,67354,W,QBA,4,1
,,,QCS,3,1
,,,QIS,2,3
,,,,3,6
,,,,4,4
,67357,W,QCS,4,2
,,,QIS,3,2
,,,,4,1
,,,,5,1
,67364,W,QBA,4,1
,,,QIS,3,2
,,,,4,8
,,,STA,4,1
,67390,W,SDU,5,1
,67474,W,QIS,4,15
,,,,5,2
,70106,W,QBA,1,49
,,,QIS,2,1
,70122,W,QBA,1,25
,,,QCS,2,1
,,,,3,3
,,,QIS,2,1
,,,,3,1
,,X,QBA,1,21
,,,,2,1
,,,QBS,3,1
,,,QCS,3,3
,,,QIS,2,2
,,,,3,2
,,,,4,1
,70207,W,QBA,2,32
,,,QCS,3,1
,,,QIS,2,6
,,,,3,2
,70311,W,HSS,2,1
,,,QBA,2,2
,,,,3,7
,,,,4,5
,,,QCS,4,1
,,,QIS,2,13
,,,,3,2
,,,,4,1
,70318,W,QBA,3,3
,,,,4,11
,,,QIS,4,2
,70332,W,QBA,2,1
,,,,3,11
,,,,4,13
,,,,5,1
,70340,W,QBA,2,16
,,,QIS,2,1
,,X,QBA,2,17
,,,,4,1
,70371,W,QBA,2,1
,,,,3,15
,,,,4,5
,,,,5,1
,,,QCS,3,2
,70381,W,QBA,2,4
,,,,3,8
,,,,4,4
,,,QBS,3,1
,,,QCS,3,2
,,,QIS,2,2
,,,SPC,0,6
,70391,W,QBA,2,2
,,,,3,1
,,,,4,1
,,,QIS,3,2
,70395,W,QBA,3,6
,,,,4,17
,,,,5,5
,70415,W,QBA,3,6
,,,,4,6
,,,,5,3
,,,QCS,3,2
,,,QIS,3,3
,,,,4,7
,70428,W,QBA,2,1
,,,,3,1
,,,,4,2
,,,,5,1
,70430,W,QBA,3,2
,,,,4,5
,,,,5,5
,,,QBS,5,1
,70440,W,QBA,3,2
,,,,4,9
,,,,5,4
,70455,W,QBA,2,2
,,,,3,7
,,,,4,3
,,,QIS,3,2
,70460,W,QBA,4,8
,,,QCS,4,1
,70478,W1,QBA,2,2
,,,,4,2
,,,,5,1
,,,QBS,2,1
,,,QIS,2,2
,,,,4,1
,70481,W,QBA,3,3
,,,,4,3
,,,,5,1
,,,QIS,4,1
,70495,W,BA,2,1
,,,QBA,3,6
,,,,4,5
,70500,W,QBA,4,6
,73103,3,QBA,2,27
,,,,3,3
,,,,4,1
,,,QCS,4,1
,,W,QBA,2,15
,,,,4,1
,,,QCS,4,1
,,X,QBA,2,12
,,,,3,3
,73265,W,QBA,3,10
,,,,4,4
,,,QIS,3,2
,73348,W,QBA,3,5
,,,,4,3
,76100,W,QBA,1,11
,,,QCS,1,1
,,,QIS,1,6
,,WW,QBA,1,1
,,,QBS,1,1
,,,QCS,1,6
,,,QIS,1,1
,,WX,QBA,1,12
,,,QIS,1,5
,,WY,QBS,1,6
,,,QCS,1,5
,,,QIS,1,2
,,X,QBS,1,5
,,,,3,1
,,,QCS,1,5
,,,QIS,1,2
,,XX,QBA,1,11
,,,QIS,1,6
,,Y,QBA,1,1
,,,QBS,1,3
,,,QCS,1,7
,,,QIS,1,2
,,YY,QBA,1,9
,,,QBS,1,1
,,,QIS,1,6
,76101,W,QBA,1,4
,,,,2,1
,,,QBS,1,1
,,,,2,2
,,,QCS,1,2
,,,,2,1
,,,,3,1
,76270,W,QBA,4,2
,,,,5,1
,,,QCS,3,3
,,,,4,1
,,,QIS,2,1
,,,,3,5
,,,,4,1
,,,,5,1
,,X,QCS,3,2
,,,QIS,2,12
,,,,3,2
,76301,W,QBA,5,1
,76305,W,SDU,5,1
,76386,W,QBA,3,1
,,,,4,3
,,,QBS,2,1
,,,QIS,4,2
,79104,W,QBA,1,15
,,,QBS,2,1
,,,QIS,1,1
,,,,2,3
,,,,3,1
,,,SPC,0,1
,,X,QBA,1,13
,,,QBS,3,1
,,,QCS,2,2
,,,,3,2
,,,QIS,1,3
,,,,3,1
,,,SPC,0,1
,,Y,QBA,1,22
,,,QIS,2,2
,79237,W,QBA,3,1
,,,,4,6
,,,QBS,4,2
,,,QCS,3,2
,,,QIS,3,3
,,,,4,6
,79491,W,QCS,3,1
,,,SDU,5,1
,,X,QBA,4,1
,80334,W,QBA,2,9
,,,,3,2
,,,,4,6
,,,QBS,4,2
,,,QCS,3,2
,,,,4,2
,,,QIS,2,1
,,,,3,4
,,,,4,6
,,,,5,1
,82101,W,QBA,4,2
,,,QBS,1,1
,,,,2,1
,,,QCS,4,1
,,,QIS,2,3
,,,,3,5
,,,SPC,0,5
,82102,W,QCS,2,1
,,,,3,1
,,,QIS,4,1
,82104,W,QBA,4,2
,,,QBS,4,1
,,,QIS,2,1
,,,,4,1
,82141,W,QBA,4,1
,,,QBS,4,1
,,,QIS,4,1
,,,,5,1
,,,SPC,0,5
,,X,QBA,2,1
,,,,4,1
,,,QBS,2,1
,,,,4,2
,,,QIS,4,1
,,,SPC,0,3
,82142,W,QBA,4,1
,,,QIS,2,1
,82287,W1,QIS,4,3
,82313,W,QBA,2,1
,,,,4,4
,,,QBS,3,4
,,,QIS,2,2
,,,,3,1
,,,,5,1
,,,SPC,0,1
,82314,W,QBA,2,1
,,,,4,4
,,,,5,1
,,,QBS,3,1
,,,,4,1
,,,QIS,2,2
,,,,3,1
,,,SPC,0,1
,84291,W2,H00,1,1
,,,QCS,1,1
,,,,2,1
,,,,3,1
,,,QIS,3,2
,,,,4,1
,84292,W2,H00,1,1
,,,QBA,4,1
,,,QCS,3,1
,,,QIS,3,1
,85211,W,QBA,1,2
,,,,2,9
,,,,3,1
,,,,4,1
,,,,5,1
,,,QBS,2,1
,,,,3,1
,,,,4,1
,,,,5,1
,,,QCS,2,1
,,,,3,5
,,,,4,1
,,,QIS,1,1
,,,,2,5
,,,,3,1
,,,SPC,0,3
,85221,W,QBA,4,4
,,,QBS,4,5
,,,QCS,1,2
,,,,2,10
,,,,3,1
,,,QIS,1,1
,,,,2,10
,,,,3,2
,,,,4,5
,,,,5,1
,,,SPC,0,1
,85370,W,QBA,3,1
,,,,4,3
,,,QBS,1,1
,,,,2,4
,,,,3,1
,,,,4,1
,,,,5,1
,,,QCS,2,2
,,,,3,1
,,,,4,1
,,,QIS,4,6
,85414,W,QBS,4,2
,,,QCS,5,1
,98000,W,QBA,2,2
,,,QCS,3,1
,,,,4,1
,,,QIS,4,1
,98079,W1,QBA,4,5
,,,QBS,4,1
,,,QIS,4,13
,,,,5,1
,98172,W2,QBA,4,1
,,,QBS,2,1
,,,QCS,1,4
,,,,2,10
,,,,3,4
,,,QIS,1,1
,,,,4,2
,98367,W2,ECE,10,1
,,,QBA,2,1
,,,,5,1
,,,QIS,3,2
,99101,W1,QBA,1,43
,,,QCS,1,4
,,,QIS,1,12
,,,,3,2
,,Z1,QBA,1,7
,,,QBS,1,17
,,,QCS,1,23
,,,QIS,1,18
,QG266,W,QBS,2,1
,QN272,W,QCS,2,1
,QT222,W,QBS,3,1
,QT258,W,QBA,2,1
,,,,4,2
F21,3125,W,QBS,1,1
,,,,3,9
,,,,4,2
,,,,5,1
,,,QCS,3,6
,,,,4,4
,,,QIS,4,1
,,,,5,1
,,,SPC,0,1
,3129,W,QBA,3,2
,,,QBS,4,1
,,,QCS,3,1
,,,QIS,2,4
,3151,2,QBS,1,15
,,,SPC,0,1
,,W,QBS,1,15
,,,SPC,0,1
,3201,W,QBS,2,16
,,,,3,1
,,,,4,1
,3231,1,QBS,2,16
,,W,QBS,2,16
,3343,2,QBS,3,15
,,,,4,5
,,,,5,1
,,W,QBS,3,11
,,,,4,1
,,X,QBS,3,4
,,,,4,4
,,,,5,1
,3380,W,QBS,3,6
,,,,4,6
,3410,W,QBS,3,10
,,,,4,1
,,,,5,1
,3411,W,QBS,3,16
,,,,4,3
,,,,5,1
,3428,W1,QBS,4,1
,3442,W,QBS,3,9
,,,,4,3
,3445,W,QBS,3,1
,,X,QBS,4,3
,,Y,QBS,4,2
,,YY,QBS,2,1
,,,,4,2
,,Z,QBS,2,1
,,,,4,2
,3490,W2,QBS,3,1
,5310,W1,QIS,4,1
,5496,W1,QBA,2,1
,,,QCS,2,1
,,,QIS,3,1
,,,,4,1
,7129,W1,QCS,1,23
,7599,W,QCS,4,3
,9105,3,QBS,1,14
,,,QCS,4,1
,,W,QBS,1,14
,,,QCS,4,1
,9207,2,QBS,2,14
,,,,3,7
,,,,4,1
,,W,QBS,2,3
,,,,3,6
,,,,4,1
,,X,QBS,2,11
,,,,3,1
,9217,W,QBS,2,9
,,,,3,2
,,,,4,1
,10315,W,QCS,2,1
,,,,3,10
,,,,4,2
,15110,W,QBS,2,1
,,,QIS,1,28
,,,SPC,0,1
,15112,W,QBA,2,1
,,,QCS,1,23
,,,,2,1
,,,,3,1
,,,QIS,2,2
,,,SPC,0,2
,15121,2,QBA,3,1
,,,,4,1
,,,,5,1
,,,QIS,2,25
,,,,3,12
,,,,4,3
,,,,5,1
,,W,QBA,3,1
,,,,4,1
,,,,5,1
,,,QIS,2,25
,,,,3,12
,,,,4,3
,,,,5,1
,15150,3,QBS,3,1
,,,QCS,2,18
,,,,3,3
,,,,4,1
,,W,QBS,3,1
,,,QCS,2,18
,,,,3,3
,,,,4,1
,15213,3,QCS,2,14
,,,,3,5
,,,,4,2
,,,SPC,0,1
,,W,QCS,2,14
,,,,3,5
,,,,4,2
,,,SPC,0,1
,15312,3,QBS,5,1
,,,QCS,3,1
,,,,4,6
,,W,QBS,5,1
,,,QCS,3,1
,,,,4,6
,15348,2,QCS,2,2
,,,,3,6
,,,,4,3
,,W,QCS,2,2
,,,,3,6
,,,,4,3
,15441,3,QCS,3,1
,,,,4,3
,,W,QCS,3,1
,,,,4,3
,15451,2,QBS,5,1
,,,QCS,3,8
,,,,4,4
,,W,QBS,5,1
,,,QCS,3,8
,,,,4,4
,17313,W,QCS,3,5
,,,,4,3
,,,QIS,3,3
,,,SPC,0,2
,17405,W2,QBA,2,1
,,,QBS,3,1
,,,QCS,2,2
,,,QIS,4,1
,19477,W2,QCS,3,1
,,,QIS,1,1
,,,,3,1
,,,,5,1
,,,SPC,0,1
,21111,W,QBA,1,25
,,,QIS,1,14
,,,,5,1
,,X,QBA,1,14
,,,QIS,1,14
,,,,5,1
,,,SPC,0,1
,21112,W,QBA,2,2
,,,QCS,3,1
,21120,W,QBA,1,1
,,,QBS,1,8
,,,QCS,1,8
,,X,QBS,1,3
,,,QCS,1,6
,21124,W,QBS,2,7
,,,,3,2
,,,,4,2
,21127,W,QBA,2,1
,,,QCS,1,16
,,,,2,1
,,,QIS,1,1
,,,,2,1
,21241,W,QCS,1,7
,,,,2,18
,,,,3,1
,,,SPC,0,1
,21256,W,QBA,1,4
,,,,2,35
,,,,3,2
,21295,W,QCS,2,1
,21300,W,QCS,2,1
,,,,4,4
,21484,W,QCS,2,1
,,,,3,2
,,,,4,2
,33100,W,QBS,2,1
,,,,3,2
,,,,4,6
,,,QIS,3,1
,33104,W,QCS,3,1
,,,,4,4
,33121,W,QBA,4,1
,,,QBS,2,15
,,,QCS,2,3
,,,,3,2
,,,,4,6
,36202,W,BUS,3,1
,,,,4,1
,,,QBS,4,1
,,,QIS,2,2
,,,,3,5
,,,,4,2
,,,SPC,0,1
,38101,W,QBS,1,16
,38110,W,QBS,3,4
,,,,4,6
,,,,5,1
,38220,W,QBS,3,1
,,,,4,10
,,,,5,1
,38330,W1,QBS,3,17
,,,,4,1
,38430,W2,QBS,3,1
,,,,4,16
,,,,5,1
,51219,W1,QBA,4,1
,,,QBS,4,6
,,,QIS,3,1
,,,,4,9
,,,,5,1
,66501,W,QIS,4,1
,67100,W1,QIS,1,30
,67203,W2,QBS,2,2
,,,,4,1
,,,QIS,3,7
,,,,4,7
,,,,5,1
,67212,W,QCS,3,1
,,,QIS,2,4
,,,,3,3
,,,,4,3
,67262,4,QBA,5,1
,,,QCS,2,1
,,,,3,1
,,,,4,2
,,,QIS,2,27
,,,,3,10
,,,,4,2
,,W,QIS,2,10
,,,,3,1
,,X,QCS,2,1
,,,,3,1
,,,,4,1
,,,QIS,2,7
,,,,3,7
,,,,4,2
,,Y,QBA,5,1
,,,QCS,4,1
,,,QIS,2,10
,,,,3,2
,67323,W,QIS,3,4
,,,,4,2
,,,,5,1
,67329,W,QBA,2,2
,,,,3,2
,,,QIS,2,1
,,,,3,11
,,,,4,2
,67343,W1,QCS,2,1
,,,,4,1
,,,QIS,3,4
,,,,4,5
,67352,W,QBA,3,1
,,,QCS,4,1
,,,QIS,2,1
,,,,3,9
,,,,4,7
,,,,5,1
,67354,W,QCS,2,1
,,,,4,1
,,,QIS,2,3
,,,,3,4
,,,,4,6
,67364,W,QCS,2,1
,,,QIS,3,2
,,,,4,1
,,,SPC,0,1
,67373,W,QIS,3,6
,,,,4,6
,67379,W,QIS,3,4
,,,,4,3
,67474,W,QIS,3,1
,,,,4,21
,,,,5,2
,70106,W,QBA,1,22
,,,,2,3
,,,QIS,2,1
,,X,QBA,1,23
,,,,2,3
,,,QIS,2,1
,,,SPC,0,1
,70110,W,QBA,1,44
,,,,2,2
,70122,W,QBA,1,20
,,,,2,1
,,,,3,1
,,,QCS,4,1
,,,QIS,3,1
,,,,4,1
,,X,QBA,1,15
,,,,2,1
,,,QCS,2,1
,,,QIS,2,1
,,,,3,3
,70207,W,QBA,2,47
,,,QIS,2,1
,,,,3,2
,70306,W2,QBS,2,1
,,,,3,1
,,,QCS,2,1
,,,QIS,1,1
,,,,2,2
,,,,5,1
,70311,W,QBA,2,1
,,,,3,15
,,,,4,5
,,,,5,1
,,,QCS,3,4
,,,,4,1
,,,QIS,3,1
,,,,4,2
,,,SPC,0,1
,70318,W,QBA,3,3
,,,,4,6
,,,,5,2
,,,QIS,3,3
,,,,4,1
,70332,W,BUS,3,1
,,,QBA,3,12
,,,,4,6
,,,QBS,4,2
,,,,5,1
,,,QCS,3,3
,,,,4,2
,,,QIS,3,3
,,,,4,2
,70340,W,BUS,3,1
,,,QBA,2,22
,,,,3,2
,,X,QBA,2,25
,70371,W,QBA,3,18
,,,QCS,4,1
,,,QIS,4,1
,,,SPC,0,1
,70381,W,QBA,3,10
,,,,4,1
,,,QCS,3,3
,,,QIS,3,1
,,,SPC,0,1
,70385,W,BUS,3,1
,,,QBA,4,8
,,,,5,1
,70391,W,QBA,3,7
,,,,4,2
,,,QIS,3,1
,,,SPC,0,1
,70395,W,QBA,3,1
,,,,4,5
,,,,5,2
,,,QIS,3,1
,,,,4,1
,,,,5,1
,,,SPC,0,1
,70415,W,QBA,3,5
,,,,4,6
,,,QCS,3,1
,,,QIS,3,1
,,,,4,2
,,,SPC,0,1
,70428,W,QBA,2,6
,,,,3,4
,,,,4,1
,,,QIS,4,1
,70430,W,BUS,4,1
,,,QBA,3,1
,,,,4,4
,,,QIS,3,3
,,,,4,1
,70440,W,BUS,4,1
,,,QBA,3,1
,,,,4,4
,,,,5,1
,70455,W,QBA,2,1
,,,,3,10
,,,,4,3
,,,,5,1
,70460,W,QBA,3,6
,,,,4,3
,,,,5,1
,70469,W,QBA,4,3
,,,,5,2
,70471,W,QBA,3,1
,,,,4,2
,70495,W,QBA,3,3
,70500,W,QBA,4,1
,70501,W,QBA,5,1
,73103,W,QBA,2,43
,,,,3,2
,,,QIS,3,1
,73265,W,QBA,3,9
,,,,4,1
,,,QCS,3,1
,,,QIS,3,1
,,,,4,1
,73348,W,QBA,3,2
,,,,4,4
,,,,5,2
,76100,WW,QBA,1,2
,,,QBS,1,3
,,,QCS,1,4
,,,QIS,1,5
,,WX,QBA,1,9
,,,QIS,1,5
,,X,QBA,1,3
,,,QBS,1,4
,,,QCS,1,4
,,,QIS,1,4
,,XX,QBA,1,8
,,,QBS,1,2
,,,QCS,1,1
,,,QIS,1,3
,,Y,QBA,1,7
,,,QBS,1,6
,,,QCS,1,4
,,,QIS,1,3
,,YY,QBA,1,6
,,,QCS,1,2
,,,QIS,1,2
,76101,W,QBA,1,3
,,,,2,1
,,,QBS,2,1
,,,QCS,1,4
,,,,2,1
,,,,3,2
,,,QIS,1,4
,,,,2,1
,,X,QBA,1,6
,,,QBS,1,1
,,,QCS,1,4
,,,,3,1
,,,QIS,1,4
,76270,W,QBA,2,1
,,,,4,1
,,,QCS,2,3
,,,,3,1
,,,,4,1
,,,QIS,2,8
,,,,3,2
,,,,4,1
,,X,QBA,2,2
,,,QCS,2,3
,,,QIS,2,11
,,,,3,1
,76298,W2,QBS,2,1
,,,,3,1
,,,QIS,3,1
,,,,4,1
,,,,5,1
,76357,W,BUS,4,1
,,,QBA,2,1
,,,,3,8
,,,QBS,3,2
,,,QIS,2,3
,,,,3,1
,,,,4,1
,76380,W,QBA,2,2
,,,,4,1
,,,QBS,4,1
,,,QCS,3,1
,,,,4,2
,,,QIS,4,1
,79104,W,QBS,3,1
,,,,4,1
,,,QCS,3,5
,,,,4,1
,,,QIS,1,16
,,,,3,1
,,,,4,1
,,,SPC,0,4
,,X,QBS,2,1
,,,,3,2
,,,QCS,1,2
,,,,3,3
,,,QIS,1,13
,,,,4,1
,79232,W,BUS,3,1
,,,QBA,3,2
,,,,4,5
,,,,5,1
,,,QBS,4,1
,,,QIS,2,4
,,,,3,3
,,,,4,2
,,,,5,1
,79378,W,QBA,2,1
,,,,3,1
,,,,4,3
,,,,5,1
,,,QBS,3,2
,,,QIS,1,1
,,,,3,5
,,,,4,7
,79491,W,QBA,2,1
,80130,W,QBA,2,12
,,,,3,2
,,,,4,2
,,,QBS,4,2
,,,,5,1
,,,QCS,2,2
,,,QIS,3,2
,,,,4,9
,,,,5,1
,80495,W,QCS,4,1
,82101,W,QBA,2,1
,,,QBS,3,1
,,,QCS,3,1
,,,QIS,2,2
,,,,4,1
,,,SPC,0,2
,82102,W,QBA,4,2
,82104,W,QBA,4,3
,,,QIS,1,1
,,,,4,1
,82141,W,QBA,2,1
,,,,4,3
,,,QBS,3,1
,,,,4,7
,,,QCS,2,1
,,,QIS,4,1
,,X,QBA,3,1
,,,QBS,3,1
,,,,4,2
,,,QIS,2,2
,,,,3,3
,,,SPC,0,3
,82241,W,QIS,4,1
,82287,W1,QBA,2,1
,,,,3,2
,,,QBS,3,2
,,,QIS,4,3
,,,,5,1
,82313,W,QCS,3,1
,,,QIS,3,3
,,,,4,3
,82412,W,QIS,2,3
,,,,3,3
,,,,4,6
,85211,W,QBA,1,2
,,,,2,11
,,,QBS,1,1
,,,,3,1
,,,QCS,2,11
,,,,3,2
,,,QIS,2,7
,,,,3,2
,,,SPC,0,1
,85221,W,BUS,4,1
,,,QBA,1,1
,,,,2,7
,,,,3,8
,,,QBS,3,1
,,,,4,6
,,,QCS,2,3
,,,QIS,2,10
,,,,4,3
,85370,W,QBA,2,1
,,,,3,1
,,,,4,1
,,,QBS,4,3
,,,,5,1
,,,QCS,2,3
,,,,3,1
,,,,4,3
,,,QIS,2,3
,,,,3,6
,,,,4,1
,,,,5,1
,85414,W,QBA,4,1
,,,QBS,3,3
,,,,4,1
,,,QCS,3,1
,,,,4,1
,,,QIS,3,2
,98000,W,QBA,3,1
,,,QBS,3,1
,98257,W2,QBA,3,2
,,,,4,1
,,,,5,1
,,,QBS,4,1
,,,QCS,2,1
,,,QIS,1,1
,,,,2,1
,,,,4,1
,99101,T1,QBA,1,21
,,,QBS,1,5
,,,,4,1
,,,QCS,1,11
,,,QIS,1,7
,,W1,QBA,1,23
,,,QBS,1,13
,,,QCS,1,11
,,,QIS,1,22
,QC109,W,QBS,3,2
,,,,4,6
,,,QCS,3,1
,,,,4,3
,,,QIS,3,1
,QG106,W,QBA,2,1
,,,,5,1
,QG171,W,QCS,3,1
,,,,4,1
,,,QIS,3,1
,QG389,W,QBA,2,1
,,,,3,1
,QN370,W,QBA,3,1
,QV380,W,QIS,2,1
F22,2251,1,QCS,2,1
,,,,4,1
,,,,5,1
,,W,QCS,2,1
,,,,4,1
,,,,5,1
,3121,W,SPC,0,1
,3125,W,QBA,3,1
,,,,4,1
,,,QBS,1,3
,,,,3,3
,,,,4,1
,,,QCS,1,3
,,,,2,6
,,,,3,3
,,,,4,2
,,,,5,1
,,,QIS,2,1
,,,,3,3
,,,,4,1
,3129,W,QCS,2,2
,,,,4,1
,,,QIS,1,8
,,,SPC,0,1
,3151,2,QBS,1,21
,,,QCS,4,3
,,W,QBS,1,21
,,,QCS,4,3
,3201,W,QBS,2,13
,3220,2,QBS,2,12
,,,,3,1
,,,,4,1
,,W,QBS,2,12
,,,,3,1
,,,,4,1
,3343,2,QBS,3,10
,,,,4,2
,,W,QBS,3,10
,,,,4,2
,3411,W,QBS,3,11
,,,,4,6
,,,,5,1
,,,QCS,4,1
,3435,W,QBS,3,11
,,,,4,5
,3445,W,QBS,3,1
,,,,4,5
,,X,QBS,4,2
,,YY,QBS,4,1
,,Z,QBS,3,1
,,,,4,1
,7129,W1,QCS,1,34
,,,,2,1
,7599,W,QCS,4,4
,9105,3,QBS,1,19
,,W,QBS,1,19
,9207,2,QBS,2,13
,,W,QBS,2,13
,9217,W,QBS,2,9
,,,,5,1
,15110,W,QBA,1,2
,,,,2,1
,,,,3,3
,,,,4,1
,,,QBS,4,1
,,,QIS,1,23
,,,,2,2
,15112,W,QBA,3,1
,,,,4,1
,,,QBS,3,1
,,,QCS,1,33
,,,,2,2
,,,QIS,1,5
,,,,2,2
,,,SPC,0,4
,15121,2,QCS,3,1
,,,QIS,2,25
,,,,3,7
,,,,5,1
,,W,QCS,3,1
,,,QIS,2,25
,,,,3,7
,,,,5,1
,15150,3,QCS,1,1
,,,,2,20
,,,,3,1
,,,QIS,3,1
,,,SPC,0,1
,,W,QCS,1,1
,,,,2,20
,,,,3,1
,,,QIS,3,1
,,,SPC,0,1
,15213,3,QCS,2,9
,,,,3,2
,,,,4,2
,,,QIS,3,1
,,W,QCS,2,9
,,,,3,2
,,,,4,2
,,,QIS,3,1
,15281,2,QCS,3,2
,,,,4,1
,,,,5,2
,,W,QCS,3,2
,,,,4,1
,,,,5,2
,15317,2,QCS,3,8
,,,,4,3
,,,,5,2
,,W,QCS,3,8
,,,,4,3
,,,,5,2
,15348,2,QCS,2,6
,,,,3,8
,,W,QCS,2,6
,,,,3,8
,15440,3,QCS,4,7
,,,,5,5
,,W,QCS,4,7
,,,,5,5
,15451,2,QCS,3,11
,,,,4,9
,,,,5,3
,,W,QCS,3,11
,,,,4,9
,,,,5,3
,15591,W,QCS,3,3
,,,,5,1
,17313,W,QCS,2,2
,,,,3,2
,,,,4,1
,,,QIS,2,1
,,,,3,23
,17402,W,QBA,3,2
,,,,4,1
,,,QIS,2,1
,21108,W2,QBS,4,1
,,,QCS,1,19
,21111,W,QBA,1,23
,,,QBS,1,4
,,,QIS,1,17
,,X,QBA,1,8
,,,QIS,1,9
,21120,W,QBA,1,1
,,,QBS,1,14
,,,QCS,1,3
,,X,QCS,1,12
,,,QIS,1,1
,21124,W,QBS,2,10
,21127,W,QCS,1,13
,,,,2,1
,,,QIS,3,1
,,,SPC,0,1
,21241,W,QCS,1,16
,,,,2,14
,,,,3,1
,,,QIS,3,1
,,,SPC,0,2
,21256,W,QBA,1,2
,,,,2,33
,,,,3,5
,,,QBS,4,1
,,,SPC,0,1
,21259,W,QCS,2,10
,,,,3,11
,21295,W,QCS,1,3
,,,,2,1
,,,,3,1
,33115,W,QBA,2,6
,,,,3,3
,,,,4,3
,,,QIS,1,1
,,,,2,10
,,,,4,1
,,,,5,1
,33121,W,QBS,2,12
,,,,3,2
,,,QCS,1,1
,,,,2,3
,,,,3,8
,,,,4,3
,,,QIS,3,2
,36202,W,QBA,2,12
,,,QCS,4,1
,,,QIS,2,3
,,,,3,1
,,,,4,1
,,,SPC,0,1
,36204,W2,QCS,2,2
,,,QIS,3,1
,,,,4,2
,38101,W,QBS,1,21
,38110,W,QBS,4,10
,,,,5,1
,38220,W,QBS,4,18
,,,,5,1
,38330,W1,QBS,3,14
,,,,4,1
,38430,W2,QBS,4,17
,,,,5,1
,,,QIS,4,1
,51281,W1,QBA,4,1
,,,QIS,3,1
,,,,4,3
,,,SPC,0,1
,66501,W,QIS,4,2
,,X,QIS,4,2
,,Y,QIS,4,2
,,Z,QIS,4,1
,67100,W1,QIS,1,28
,67212,W,QBA,4,2
,,,QCS,3,1
,,,QIS,2,4
,,,,3,9
,,,,4,1
,,,,5,1
,67262,4,QCS,3,2
,,,QIS,2,25
,,,,3,9
,,,,4,1
,,,,5,1
,,W,QCS,3,1
,,,QIS,2,9
,,,,3,3
,,,,5,1
,,X,QIS,2,6
,,,,3,3
,,Y,QCS,3,1
,,,QIS,2,10
,,,,3,3
,,,,4,1
,67318,W,QIS,3,5
,,,,4,7
,67323,W,QIS,4,5
,67329,W,QBA,3,4
,,,,4,1
,,,QIS,2,1
,,,,3,9
,,,,4,3
,67346,W2,QIS,1,1
,,,,2,2
,,,,3,3
,,,,4,1
,67352,W,QBA,2,4
,,,,3,2
,,,QCS,5,1
,,,QIS,2,1
,,,,3,8
,,,,4,3
,,,,5,1
,,X,QBA,2,4
,,,,4,1
,,,QIS,3,4
,,,,4,2
,,,,5,1
,67354,W,QIS,3,8
,,,,4,1
,,,,5,1
,67364,W,QCS,4,2
,,,QIS,3,8
,,,,4,3
,67373,W,QCS,5,1
,,,QIS,4,6
,,,,5,5
,67379,W,QCS,5,1
,,,QIS,3,1
,,,,4,6
,67390,W,QIS,4,1
,67474,W,QBA,4,1
,,,QCS,4,1
,,,QIS,3,1
,,,,4,24
,,,,5,4
,67490,W,QIS,4,1
,70050,W,QBA,4,1
,70106,W,QBA,1,17
,,,,2,1
,,,QBS,2,1
,,X,QBA,1,15
,,,,2,1
,70110,W,QBA,1,16
,,,SPC,0,2
,,X,QBA,1,17
,,,,2,1
,,,,3,1
,70122,W,QBA,1,15
,,,,2,2
,,,QBS,4,1
,,,QIS,3,1
,,,,4,1
,,,SPC,0,3
,,X,QBA,1,17
,,,,2,5
,,,QCS,3,2
,,,,4,1
,,,QIS,4,2
,,,SPC,0,2
,70208,W,QBA,2,27
,,,,3,2
,,,,4,1
,,,QCS,3,1
,,,QIS,2,1
,,,,3,13
,,,,4,3
,,,,5,1
,70311,W,QBA,2,9
,,,,3,20
,,,,4,6
,,,QBS,3,1
,,,,4,1
,,,QIS,4,2
,,,SPC,0,2
,70318,W,QBA,3,1
,,,,4,9
,,,QIS,4,3
,70332,W,QBA,2,1
,,,,3,22
,,,,4,11
,,,,5,1
,,,QBS,3,1
,,,QCS,4,1
,70371,W,QBA,2,1
,,,,3,16
,,,,4,6
,70381,W,QBA,2,18
,,,,3,20
,,,,4,3
,,,QIS,3,1
,70391,W,QBA,3,19
,,,,4,3
,,,,5,1
,70395,W,QBA,3,1
,,,,4,7
,,,,5,1
,,,QCS,4,1
,,,QIS,3,1
,,,,4,1
,70415,W,QBA,3,16
,,,,4,12
,,,,5,2
,,,QBS,3,1
,,,,4,1
,,,QIS,4,2
,,,SPC,0,1
,70430,W,QBA,3,4
,,,,4,7
,,,QBS,4,1
,,,QCS,4,2
,,,QIS,4,1
,,,SPC,0,2
,70440,W,QBA,3,6
,,,,4,5
,,,,5,1
,,,QIS,4,1
,70443,W,QBA,3,4
,,,,4,4
,,,,5,1
,,,QBS,3,1
,,,,4,1
,,,QIS,3,1
,,,,4,2
,,,SPC,0,3
,70455,W,QBA,2,1
,,,,3,5
,,,,4,3
,,,,5,1
,70460,W,QBA,3,1
,,,,4,7
,,,,5,1
,70471,W,QBA,3,3
,,,,4,4
,70482,W,QBA,3,2
,,,,4,1
,,,,5,1
,,,QIS,5,1
,70495,W,QBA,3,8
,,,,4,7
,70500,W,QBA,4,2
,70504,W,QBA,4,1
,73103,W,QBA,2,23
,,,,3,2
,,,,4,1
,73265,W,QBA,3,8
,,,,4,5
,,,QCS,3,2
,73365,W,QBA,4,6
,,,,5,1
,76100,W,QBA,1,7
,,,QBS,1,3
,,,QCS,1,1
,,,QIS,1,2
,,WW,QBA,1,10
,,,QBS,1,4
,,WX,QBA,1,5
,,,QCS,1,8
,,,QIS,1,4
,,X,QBA,1,1
,,,,2,1
,,,QBS,1,5
,,,QIS,1,6
,,XX,QBA,1,3
,,,,2,1
,,,QBS,1,1
,,,QCS,1,9
,,,QIS,1,3
,,Y,QBA,1,3
,,,QBS,1,4
,,,QCS,1,1
,,,QIS,1,5
,,YY,QBA,1,3
,,,QCS,1,7
,,,QIS,1,3
,76101,W,QBA,1,4
,,,,2,1
,,,QBS,1,4
,,,QCS,1,3
,,,QIS,1,4
,76239,W,QBA,2,1
,,,,4,1
,,,QBS,3,1
,,,QCS,2,4
,,,QIS,1,1
,,,,2,5
,,,,5,2
,76270,W,QBA,2,1
,,,,3,1
,,,QCS,2,3
,,,,3,3
,,,,4,3
,,,QIS,3,3
,76324,W,QBA,2,4
,,,QBS,2,1
,,,,4,1
,,,QIS,2,7
,79104,W,QBS,3,1
,,,,4,3
,,,QIS,1,19
,,,,3,2
,,,,5,1
,,X,QBA,2,3
,,,QBS,4,1
,,,QCS,3,2
,,,,5,1
,,,QIS,3,4
,,,SPC,0,6
,79367,W,QBA,2,1
,,,,3,8
,,,,4,2
,,,QBS,4,1
,,,QIS,3,1
,,,,4,7
,79378,W,QBA,3,15
,,,,4,6
,,,,5,1
,,,QBS,3,2
,,,,4,2
,,,QIS,3,1
,,,,4,5
,79491,W,QIS,3,1
,,X,QBA,3,1
,80210,W,QBA,2,4
,,,QCS,2,1
,,,QIS,2,28
,,,,3,1
,,,,4,1
,,,,5,1
,80334,W,QBA,2,1
,,,,3,8
,,,,4,2
,,,QBS,4,1
,,,QCS,1,2
,,,,2,1
,,,,3,3
,,,,4,1
,,,QIS,2,4
,,,,3,3
,82103,W,QBA,2,3
,,,,4,1
,,,QBS,3,8
,,,,4,2
,,,QIS,2,1
,,,SPC,0,2
,82104,W,QBA,2,1
,,,,4,1
,,,QBS,4,1
,,,QIS,3,2
,,,SPC,0,2
,82141,W,QBA,2,2
,,,QBS,3,1
,,,,4,3
,,,QCS,2,3
,,,QIS,2,2
,,,,3,1
,,,SPC,0,2
,,X,QBA,4,2
,,,QBS,3,1
,,,QIS,3,2
,,,,4,1
,,,SPC,0,3
,82241,W,QCS,3,1
,,,QIS,3,1
,,,,4,1
,,,SPC,0,2
,82269,W2,QBA,3,1
,,,,4,1
,,,QBS,3,1
,,,,4,1
,,,QCS,4,1
,,,QIS,3,1
,,,SPC,0,1
,82313,W,QBA,2,4
,,,,4,1
,,,,5,1
,,,QBS,4,1
,,,,5,1
,,,QIS,3,4
,,,,4,1
,,,,5,1
,82355,W,QBA,4,1
,,,QIS,5,1
,82414,W,QBA,5,1
,,,QCS,2,2
,,,QIS,3,2
,,,,4,4
,,,,5,1
,84294,W1,QIS,5,1
,85211,W,QBA,2,8
,,,,3,1
,,,,4,5
,,,QBS,2,2
,,,,3,3
,,,,4,3
,,,QCS,2,12
,,,,3,2
,,,QIS,2,2
,,,,3,3
,,,SPC,0,1
,85221,W,QBA,4,1
,,,QIS,2,11
,,,,3,2
,,,,4,1
,85370,W,QBA,2,1
,,,,3,3
,,,,4,1
,,,QBS,1,1
,,,,3,1
,,,,5,1
,,,QCS,1,1
,,,,2,1
,,,,3,1
,,,,4,1
,,,QIS,2,2
,85414,W,QBA,4,1
,,,QCS,3,1
,,,,4,1
,,,QIS,4,1
,85507,WW,QBA,4,1
,95401,W2,QBS,3,1
,,,,4,1
,,,QCS,1,2
,,,,3,1
,,,QIS,4,4
,98000,W,QBA,3,1
,,,QCS,2,1
,,,,3,1
,,,QIS,3,1
,,,,4,1
,98015,W1,QBA,3,1
,,,QBS,3,1
,,,,4,4
,,,QCS,2,1
,,,QIS,3,1
,,,,4,2
,,,SPC,0,1
,98021,W1,QBA,2,1
,,,,3,1
,,,,4,1
,,,QBS,3,1
,,,QIS,4,2
,98023,W,QCS,2,4
,,,,3,1
,,,SPC,0,1
,99101,T1,QBA,1,1
,,,QBS,1,19
,,,QCS,1,31
,,,QIS,1,4
,,W1,QBA,1,35
,,,QBS,1,2
,,,QCS,1,3
,,,,2,1
,,,QIS,1,24
,,,,2,1
,,,,3,1
,99262,W1,QBA,4,1
,,,QBS,3,1
,,,,4,3
,,,QIS,2,1
,,,,3,2
,,,,4,5
,,,,5,1
,QG171,W,QBA,2,2
,QG207,W,QIS,3,1
,QT206,W,QBA,4,1
,QV201,W,QBA,2,1
,,,QIS,3,2
,,,,4,2
,QV391,W,QIS,4,2
F23,3125,W,QBA,2,1
,,,,4,1
,,,QBS,1,1
,,,,3,5
,,,,4,3
,,,QCS,2,5
,,,,3,2
,,,,4,1
,,,QIS,3,3
,3128,W,QBS,3,4
,,,QCS,2,1
,3129,W,QCS,2,7
,,,,4,2
,,,QIS,4,1
,,,,5,1
,3151,2,QBS,1,12
,,,QCS,4,1
,,W,QBS,1,12
,,,QCS,4,1
,3201,W,QBS,2,15
,,,,4,1
,3220,2,QBS,2,15
,,,,3,2
,,,,5,1
,,W,QBS,2,15
,,,,3,2
,,,,5,1
,3343,2,QBS,3,8
,,,,4,4
,,W,QBS,3,8
,,,,4,4
,3350,W,QBS,4,4
,3380,W,QBS,3,8
,,,,4,3
,3411,W,QBS,3,10
,,,,4,2
,3445,W,QBS,2,1
,,,,4,1
,,WW,QBS,4,2
,,X,QBS,3,1
,,XX,QBS,4,1
,,Y,QBS,4,1
,,YY,QBS,4,1
,,Z,QBS,3,1
,7129,W1,QCS,1,27
,7599,W,QCS,4,1
,,,QIS,4,1
,9105,3,QBA,2,1
,,,QBS,1,10
,,,QCS,2,1
,,,,4,1
,,W,QBA,2,1
,,,QBS,1,10
,,,QCS,2,1
,,,,4,1
,9207,2,QBS,2,15
,,,,4,1
,,,,5,1
,,W,QBS,2,15
,,,,4,1
,,,,5,1
,9217,W,QBS,2,13
,,,,3,1
,,,,5,1
,,,SPC,0,1
,10315,W,QCS,3,4
,,,,4,2
,,,QIS,4,2
,14310,W1,QCS,2,3
,,,QIS,1,2
,,,,2,1
,,,,3,1
,,,,4,1
,15110,W,QBA,2,2
,,,,3,3
,,,,4,1
,,,QIS,1,27
,,,,2,1
,15112,W,QBA,1,1
,,,,2,1
,,,,3,1
,,,QBS,3,1
,,,QCS,1,26
,,,,2,1
,,,,3,1
,,,QIS,1,5
,,,,2,1
,15121,2,QBS,2,1
,,,QCS,2,2
,,,QIS,2,25
,,,,3,8
,,W,QBS,2,1
,,,QCS,2,2
,,,QIS,2,25
,,,,3,8
,15150,3,QBA,2,1
,,,QCS,2,26
,,,,3,1
,,,QIS,4,1
,,W,QBA,2,1
,,,QCS,2,26
,,,,3,1
,,,QIS,4,1
,15213,3,QCS,2,19
,,,,3,12
,,W,QCS,2,19
,,,,3,12
,15312,2,QCS,4,2
,,W,QCS,4,2
,15390,W,QCS,2,10
,,,,3,6
,,,QIS,3,1
,,,,4,1
,15440,3,QCS,3,3
,,,,4,4
,,,,5,3
,,W,QCS,3,3
,,,,4,4
,,,,5,3
,15451,2,QCS,3,14
,,,,4,2
,,,,5,1
,,W,QCS,3,14
,,,,4,2
,,,,5,1
,15591,W,QCS,2,2
,,,,4,1
,17313,W,QCS,2,1
,,,,3,1
,,,,4,3
,,,QIS,3,21
,,,,4,6
,21108,W2,QBA,1,1
,,,QCS,1,16
,,,,2,1
,21111,W,QBA,1,11
,,,QBS,1,2
,,,QIS,1,18
,,X,QBA,1,25
,,,QCS,2,1
,,,QIS,1,7
,21120,W,QBA,2,1
,,,QBS,1,9
,,,QCS,1,2
,,,,2,1
,,,QIS,1,2
,,,SPC,0,1
,,X,QBA,1,2
,,,,2,1
,,,QCS,1,13
,,,QIS,1,1
,,,,2,1
,21124,W,QBS,2,4
,21127,W,QBA,1,1
,,,,2,1
,,,QCS,1,9
,,,,2,2
,,,QIS,4,1
,,,SPC,0,1
,21241,7,QBA,2,1
,,,QCS,2,13
,,,,3,1
,,,SPC,0,2
,,W,QBA,2,1
,,,QCS,2,13
,,,,3,1
,,,SPC,0,2
,21256,W,QBA,1,2
,,,,2,24
,,,,3,6
,,,,4,1
,,,SPC,0,1
,21259,W,QCS,2,9
,,,,3,9
,21295,W,QCS,2,3
,,,,3,1
,,,,4,2
,21484,W,QCS,3,1
,,,,5,1
,33115,W,QBA,2,3
,,,,3,1
,,,,4,4
,,,QBS,2,1
,,,,3,1
,,,,4,1
,,,QCS,2,1
,,,QIS,1,2
,,,,2,8
,,,,3,2
,,,,4,1
,33121,W,QBA,2,1
,,,QBS,2,15
,,,,3,2
,,,,5,1
,,,QCS,2,1
,,,,3,3
,36315,W,QIS,3,2
,38101,W,QBS,1,13
,38110,W,QBS,4,5
,38220,W,BSC,4,1
,,,QBS,4,15
,38330,W1,QBS,3,14
,,,,4,1
,,,,5,1
,38430,W2,BSC,4,1
,,,QBS,4,15
,51113,W2,CMQ,5,1
,,,QBA,2,1
,,,,3,1
,,,QBS,3,1
,,,,4,1
,,,QIS,2,1
,,,,3,4
,,,,4,5
,,,,5,1
,51150,W2,QBA,2,2
,,,,3,1
,,,QBS,3,1
,,,,4,2
,,,,5,1
,,,QCS,2,1
,,,,3,1
,,,,4,1
,,,QIS,3,2
,,,,5,1
,,,SPC,0,1
,66501,W,QIS,4,1
,,Y,QIS,4,1
,67100,W1,QIS,1,33
,67203,W2,QCS,1,1
,,,QIS,2,1
,,,,3,4
,,,,4,1
,67262,4,QBS,2,1
,,,QCS,2,1
,,,QIS,2,25
,,,,3,9
,,,,5,1
,,W,QIS,2,9
,,,,3,4
,,X,QIS,2,11
,,,,3,4
,,Y,QBS,2,1
,,,QCS,2,1
,,,QIS,2,5
,,,,3,1
,,,,5,1
,67301,W,QIS,3,3
,,,,4,7
,67352,W,QBA,3,7
,,,QIS,3,5
,,,,4,4
,67354,W,QIS,3,2
,,,,4,4
,,,,5,1
,,,SPC,0,1
,67364,W,QBA,3,1
,,,QIS,2,3
,,,,3,10
,,,,4,2
,,,,5,1
,67382,W,QBA,2,1
,,,,3,3
,,,QCS,2,1
,,,QIS,2,3
,,,,3,2
,,,,4,6
,,X,QBA,3,4
,,,,4,1
,,,QCS,5,1
,,,QIS,3,1
,,,,4,2
,,,,5,1
,67404,W,QIS,2,2
,,,,3,2
,,,,4,1
,67410,W,QIS,3,4
,,,,4,5
,67415,W,QBA,2,1
,,,QIS,3,2
,,,,4,2
,67425,W,QIS,4,9
,67426,W,QIS,4,7
,67443,W,QCS,5,1
,,,QIS,4,7
,67490,W,QIS,4,1
,70050,W,QIS,3,2
,,,,4,1
,70106,W,QBA,1,43
,,,,2,9
,,,QCS,2,1
,70110,W,BUS,2,1
,,,QBA,1,41
,,,,2,4
,70122,W,QBA,1,19
,,,,2,4
,,,,3,1
,,,QCS,3,3
,,,QIS,4,1
,70208,W,QBA,2,28
,,,QCS,3,1
,,,QIS,3,9
,,,,4,2
,,,,5,2
,70311,W,BUS,2,1
,,,QBA,2,6
,,,,3,4
,,,,4,5
,,,QIS,2,1
,,,,3,10
,70332,W,BUS,2,1
,,,QBA,3,4
,,,,4,5
,,,QCS,2,1
,,,,3,4
,,,,4,1
,,,QIS,5,1
,,,SPC,0,1
,70340,W,QBA,2,16
,,,,3,2
,,X,QBA,2,14
,,,,3,1
,70342,W,QBA,3,5
,,,,4,13
,,,,5,2
,,,QIS,4,4
,70345,W,QBA,4,19
,,,,5,1
,70371,W,QBA,2,1
,,,,3,7
,,,,4,2
,,,QCS,3,1
,,,QIS,3,1
,,,,4,1
,,,SPC,0,1
,70381,W,QBA,3,3
,,,,4,10
,,,QCS,3,1
,,,QIS,3,3
,70391,W,QBA,3,9
,,,,4,6
,,,QIS,3,1
,70395,W,BUS,2,1
,,,QBA,3,1
,,,,4,2
,,,,5,1
,,,QCS,3,1
,,,,5,1
,,,QIS,2,1
,,,,4,1
,70415,W,QBA,3,5
,,,,4,2
,,,QIS,3,4
,,,SPC,0,3
,70440,W,QBA,4,14
,,,QIS,2,1
,,,,4,1
,,,,5,1
,70443,W,QBA,3,9
,,,,4,3
,,,,5,1
,,,QCS,3,2
,,,QIS,3,4
,,,,4,1
,,,SPC,0,1
,70455,W,QBA,3,8
,,,,4,5
,,,,5,1
,,,QCS,5,1
,70460,W,QBA,3,1
,,,,4,6
,70476,W,QBA,4,2
,70481,W,QBA,3,4
,,,,4,2
,70493,W,QBA,3,8
,,,,4,4
,70495,W,QBA,3,11
,,,,4,2
,,,,5,1
,73102,W,QBA,1,20
,,,,2,4
,,,,3,1
,,,QCS,2,1
,,,,3,1
,73103,W,QBA,2,18
,,,,3,3
,73230,W,QBA,2,1
,,,,3,6
,,,,4,3
,73265,W,QBA,3,4
,,,,4,5
,,,QIS,4,1
,,,SPC,0,1
,76100,W,QBA,1,9
,,,QCS,1,2
,,,QIS,1,3
,,WW,QBA,1,5
,,,QCS,1,3
,,,QIS,1,6
,,X,QBA,1,6
,,,QCS,1,5
,,,QIS,1,3
,,XX,QBA,1,4
,,,QBS,1,4
,,,QCS,1,4
,,,QIS,1,3
,,Y,QBA,1,5
,,,QBS,1,1
,,,QCS,1,4
,,,QIS,1,2
,,YY,QBA,1,4
,,,QBS,1,4
,,,QCS,1,3
,,,QIS,1,4
,,Z,QBA,1,8
,,,QBS,1,1
,,,QCS,1,2
,,,,2,1
,,,QIS,1,1
,,,,2,1
,76101,W,QBA,1,2
,,,QBS,1,2
,,,QCS,1,4
,,,QIS,1,10
,,,,2,1
,76239,W,CMQ,5,1
,,,QBA,2,1
,,,QCS,2,4
,,,,3,3
,,,QIS,2,6
,,,,4,1
,76270,W,QCS,2,10
,,,,3,4
,,,,4,1
,,,,5,1
,,,QIS,4,1
,,,,5,2
,76386,W,QBA,2,1
,,,,4,2
,,,QBS,3,1
,,,QCS,2,2
,,,,4,2
,,,QIS,2,2
,,,,4,1
,,,SPC,0,1
,76390,W,QBA,4,1
,,,QCS,4,1
,,,QIS,3,1
,,,,4,1
,79104,W,QCS,4,1
,,,,5,1
,,,QIS,1,25
,,X,QBA,2,1
,,,,3,1
,,,QBS,4,3
,,,QCS,3,1
,,,QIS,1,5
,,,,5,2
,79361,W,QBA,3,2
,,,,4,3
,,,,5,1
,,,QBS,4,5
,,,QCS,3,3
,,,QIS,3,1
,,,,4,12
,79392,W,QBA,3,1
,,,,4,7
,,,,5,2
,,,QBS,4,3
,,,QCS,2,1
,,,,3,1
,,,,4,1
,,,QIS,3,2
,,,,4,3
,,,,5,1
,,,SPC,0,1
,79491,W,QBA,5,1
,80210,W,QBA,2,5
,,,QBS,2,1
,,,QCS,2,2
,,,,4,1
,,,QIS,2,24
,,,,4,1
,80334,W,QBA,2,1
,,,,4,3
,,,,5,1
,,,QBS,1,1
,,,QCS,2,5
,,,,3,1
,,,QIS,2,1
,,,,3,10
,,,,4,2
,,,,5,1
,82103,W,QBA,2,1
,,,,3,1
,,,,4,3
,,,QBS,4,1
,,,QIS,4,2
,,,,5,1
,82104,W,QBS,1,1
,,,,3,3
,,,,4,1
,,,QIS,4,3
,82141,W,QBA,2,2
,,,,4,1
,,,QBS,4,1
,,,QCS,2,1
,,,SPC,0,2
,,X,QCS,4,1
,,,QIS,3,1
,,,SPC,0,3
,82202,W,QIS,5,1
,82241,W,QCS,3,1
,,,SPC,0,3
,82313,W,QBA,3,1
,,,QCS,1,1
,,,,3,1
,,,QIS,2,4
,,,,3,2
,,,,4,1
,82414,W,QBA,3,1
,,,QIS,4,2
,85211,W,QBA,2,3
,,,,3,2
,,,,4,2
,,,QBS,1,2
,,,,2,1
,,,,3,5
,,,,4,1
,,,QCS,2,3
,,,,3,1
,,,QIS,3,8
,,,,5,1
,,,SPC,0,2
,85221,W,QBA,5,1
,,,QBS,4,1
,,,QCS,1,11
,,,,2,3
,,,,4,3
,,,QIS,2,4
,,,SPC,0,1
,85242,W1,QBA,2,1
,,,,4,1
,,,QCS,1,2
,,,,2,1
,,,QIS,1,1
,,,,2,1
,,,,3,2
,,,,4,1
,85252,W2,BUS,2,1
,,,QBA,2,4
,,,,4,1
,,,QBS,4,1
,,,QCS,2,1
,,,,3,1
,,,,4,1
,,,QIS,1,1
,,,,2,1
,,,,3,2
,,,,4,1
,85258,W2,BUS,2,1
,,,QBA,2,2
,,,,4,1
,,,QBS,3,1
,,,,4,2
,,,,5,1
,,,QCS,1,1
,,,,3,1
,,,QIS,1,1
,,,,2,1
,,,,3,2
,,,,4,2
,85370,W,QBA,3,1
,,,,5,1
,,,QBS,3,1
,,,,4,5
,,,QCS,2,1
,,,,3,2
,,,QIS,1,1
,,,,4,1
,85377,W,QBA,2,2
,,,,4,1
,,,,5,1
,,,QCS,4,1
,98000,W,CMQ,5,1
,,,QCS,2,1
,,,QIS,5,1
,98037,W,QBS,4,1
,,,QCS,2,5
,,,,4,1
,,,QIS,2,1
,,,,4,1
,98168,W1,QBS,3,1
,,,,4,2
,,,QCS,4,1
,,,QIS,2,1
,,,,3,1
,,,,4,4
,99101,T1,QBA,2,2
,,,QCS,1,26
,,U1,QBA,2,1
,,,QBS,1,13
,,,QIS,1,2
,,V1,QBA,1,43
,,,,2,1
,,,QCS,1,1
,,W1,QIS,1,31
,99262,W1,QBA,2,1
,,,,4,1
,,,QBS,3,1
,,,,4,1
,,,QCS,2,1
,,,QIS,2,6
,,,,4,4
,QG120,W,QIS,4,1
,QG173,W,QCS,3,1
,QG347,W,QBA,4,1
,QG377,W,QBA,4,1
,QV201,W,QBA,4,1
F24,3113,W,CMQ,5,1
,,,QBS,1,1
,,,,3,1
,,,,4,3
,,,QCS,2,3
,,,,3,7
,,,,4,5
,,,SPC,0,1
,3120,W1,QBS,1,2
,,,,2,3
,,,,4,2
,3125,W,ISP,3,1
,,,QBS,2,2
,,,,3,2
,,,,4,1
,,,,5,1
,,,QCS,2,3
,,,,3,9
,,,,4,4
,,,QIS,2,2
,,,,3,1
,3151,2,CMQ,5,1
,,,QBS,1,19
,,W,CMQ,5,1
,,,QBS,1,19
,3201,W,QBS,2,11
,,,,3,1
,3220,2,QBS,2,11
,,,QCS,4,1
,,W,QBS,2,11
,,,QCS,4,1
,3343,2,QBS,3,14
,,,,4,3
,,,,5,1
,,W,QBS,3,14
,,,,4,3
,,,,5,1
,3350,W,QBS,3,2
,,,,4,3
,,,QIS,4,1
,3410,W,QBS,3,3
,,,,4,4
,,,,5,1
,3411,W,QBS,3,14
,,,,4,1
,3435,W,QBS,3,8
,,,,4,6
,3445,W,QBS,3,1
,,,,4,4
,,X,QBS,3,1
,,,,4,2
,,YY,QBS,3,1
,,,,4,1
,,Z,QBS,3,2
,,,,4,2
,7129,W1,QCS,1,26
,7599,W,QCS,4,1
,9105,3,QBS,1,15
,,,QCS,4,1
,,W,QBS,1,15
,,,QCS,4,1
,9207,2,QBS,2,11
,,W,QBS,2,11
,9212,W,QBS,1,5
,,,,4,1
,,,QCS,2,7
,,,,4,1
,,,,5,1
,,,QIS,2,1
,9217,W,QBS,2,10
,,,QCS,3,1
,15110,3,QBA,1,1
,,,QIS,1,32
,,,SPC,0,2
,,W,QBA,1,1
,,,QIS,1,32
,,,SPC,0,2
,15112,W,QBA,1,1
,,,QBS,1,1
,,,QCS,1,26
,,,,2,1
,,,QIS,1,1
,,,,2,2
,,,SPC,0,3
,15121,2,QCS,3,1
,,,QIS,1,1
,,,,2,21
,,,,3,2
,,,SPC,0,1
,,W,QCS,3,1
,,,QIS,1,1
,,,,2,21
,,,,3,2
,,,SPC,0,1
,15150,3,CS,2,1
,,,QCS,2,24
,,,,3,2
,,,QIS,2,1
,,,SPC,0,1
,,W,CS,2,1
,,,QCS,2,24
,,,,3,2
,,,QIS,2,1
,,,SPC,0,1
,15213,3,CS,2,1
,,,QCS,2,20
,,,,3,5
,,,,5,1
,,,QIS,2,1
,,,,3,1
,,,SPC,0,1
,,W,CS,2,1
,,,QCS,2,20
,,,,3,5
,,,,5,1
,,,QIS,2,1
,,,,3,1
,,,SPC,0,1
,15281,2,QCS,3,5
,,,,4,3
,,W,QCS,3,5
,,,,4,3
,15282,1,QCS,2,7
,,,,3,1
,,,,4,1
,,,QIS,2,2
,,W,QCS,2,7
,,,,3,1
,,,,4,1
,,,QIS,2,2
,15317,2,CS,3,1
,,,MSC,2,1
,,,QCS,3,2
,,,,4,12
,,,,5,2
,,W,CS,3,1
,,,MSC,2,1
,,,QCS,3,2
,,,,4,12
,,,,5,2
,15440,3,CS,3,1
,,,QCS,3,14
,,,,4,14
,,,,5,1
,,W,CS,3,1
,,,QCS,3,14
,,,,4,14
,,,,5,1
,15451,2,QCS,3,17
,,,,4,7
,,,,5,1
,,W,QCS,3,17
,,,,4,7
,,,,5,1
,15455,W,MSC,2,1
,,,QCS,3,1
,,,,5,1
,15591,W,QCS,3,3
,,,,4,4
,17313,2,QCS,2,1
,,,,3,7
,,,,4,2
,,,,5,1
,,,QIS,3,24
,,,,4,9
,,,,5,1
,,W,QCS,2,1
,,,,3,3
,,,,4,1
,,,,5,1
,,,QIS,3,12
,,,,4,5
,,,,5,1
,,X,QCS,3,4
,,,,4,1
,,,QIS,3,12
,,,,4,4
,21108,W2,QBA,1,1
,,,QCS,1,14
,,,QIS,1,2
,21111,W,QBA,1,28
,,,QBS,1,10
,,,QIS,2,1
,21120,W,QCS,1,14
,21124,W,QBS,2,2
,,,,5,1
,21127,W,QCS,1,12
,,,,2,2
,,,QIS,1,1
,,,,2,1
,21241,W,CS,2,1
,,,QCS,1,12
,,,,2,30
,,,,4,1
,,,QIS,3,1
,21256,W,QBA,2,32
,,,,3,6
,,,,4,3
,,,QBS,3,1
,,,QIS,3,1
,,,SPC,0,2
,21259,W,QCS,3,14
,,,,4,1
,21295,W,CS,2,1
,,,QCS,2,3
,,,,3,3
,,,QIS,2,1
,21484,W,MSC,2,1
,,,QCS,3,1
,,,,4,1
,33115,W,ENG,4,1
,,,QBS,2,4
,,,,4,1
,,,QIS,2,4
,,,,3,4
,,,,4,6
,33121,W,QBA,3,1
,,,QBS,1,4
,,,,4,1
,,,QCS,2,10
,,,,4,2
,,,,5,1
,,,SPC,0,1
,36202,W,QCS,2,1
,,,,5,1
,,,QIS,3,8
,,,SPC,0,1
,38101,W,QBS,1,19
,38110,W,QBS,3,1
,,,,4,11
,38220,W,QBS,3,1
,,,,4,12
,,,,5,1
,38330,W,QBS,3,12
,,,,4,1
,38430,W,QBS,4,13
,,,,5,1
,51205,W2,QBA,2,1
,,,,3,1
,,,,4,4
,,,QBS,3,1
,,,QIS,3,4
,,,,4,6
,51207,W2,QBA,2,1
,,,,3,1
,,,QBS,2,1
,,,QCS,2,1
,,,,3,4
,,,QIS,3,5
,,,,4,1
,,,SPC,0,1
,66501,X,QIS,4,1
,,Y,QIS,4,1
,,Z,QIS,4,2
,67100,W1,QIS,1,34
,67135,W1,QBA,3,1
,,,QBS,2,1
,,,,4,1
,67220,W,QIS,3,3
,,,,4,3
,67223,W,QCS,2,1
,,,QIS,2,4
,,,,3,6
,,,,4,2
,,,SPC,0,4
,67262,4,QCS,2,1
,,,QIS,2,25
,,,,3,2
,,W,QCS,2,1
,,,QIS,2,15
,,X,QIS,2,10
,,,,3,2
,67301,W,QIS,3,6
,,,,4,2
,,,SPC,0,4
,67323,W,QIS,3,1
,,,,4,4
,67354,W,QBA,4,1
,,,QIS,2,2
,,,,3,5
,,,,4,4
,,,SPC,0,1
,67364,W,ISP,3,1
,,,QIS,2,1
,,,,3,8
,,,,4,5
,67382,W,QBA,4,1
,,,QIS,3,10
,,,,4,9
,,X,QBA,4,1
,,,QIS,3,1
,,,,4,17
,,,SPC,0,1
,67384,W,QCS,4,1
,,,QIS,2,2
,67390,W,QIS,4,1
,,X,QIS,4,1
,67404,W,QBA,2,2
,,,QCS,3,1
,,,QIS,2,10
,,,,3,3
,,,,4,1
,,,SPC,0,4
,67430,W,QBA,4,1
,,,QCS,3,1
,,,QIS,4,3
,70050,W,QBA,4,1
,70104,W1,QBA,1,39
,70110,W,QBA,1,39
,,,,2,2
,,,QIS,2,1
,,,,3,1
,70122,W,QBA,1,18
,,,,2,4
,,,,3,3
,,,QBS,3,1
,,,QCS,3,4
,,,,4,1
,,,QIS,2,1
,,,,4,3
,70201,W,QBA,3,1
,,,,4,2
,,,,5,1
,70207,W,CMQ,5,1
,,,CS,3,1
,,,QBA,1,39
,,,,2,1
,,,QIS,2,1
,,,,3,1
,70208,W,QBA,2,32
,,,,3,4
,,,QIS,4,3
,70311,W,QBA,2,3
,,,,3,5
,,,,4,9
,,,QBS,3,1
,,,,4,1
,,,QCS,3,2
,,,,4,6
,,,QIS,2,1
,,,,3,1
,70332,W,QBA,3,10
,,,,4,15
,,,QBS,3,1
,70340,W,QBA,2,17
,,,QBS,3,1
,,X,QBA,2,15
,,,,3,2
,,,,4,1
,70341,W,QBA,3,7
,,,,4,3
,,,,5,1
,,,QBS,4,1
,,,QCS,3,4
,,,QIS,2,2
,70371,W,QBA,2,1
,,,,3,14
,,,,4,6
,,,QCS,4,1
,,,,5,1
,70381,W,QBA,2,3
,,,,3,1
,,,,4,1
,,,QCS,2,1
,,,SPC,0,4
,70388,W,QBA,3,8
,,,,4,3
,,,QIS,3,1
,,,,4,1
,70391,W,QBA,2,2
,,,,3,1
,,,,4,2
,,,,5,1
,,,QCS,4,1
,,,QIS,4,1
,,,SPC,0,2
,70409,W,QBA,2,1
,,,,3,3
,,,,4,7
,,,,5,1
,,,QCS,2,1
,,,,3,1
,,,QIS,3,1
,70415,W,QBA,1,1
,,,,3,3
,,,,4,5
,,,QCS,2,2
,,,,4,1
,,,QIS,3,2
,,,,4,5
,,,SPC,0,1
,70433,W2,QBA,2,3
,,,,3,4
,,,,4,2
,,,QBS,1,1
,,,QCS,3,1
,,,QIS,3,2
,70440,W,QBA,3,10
,,,,4,12
,,,QIS,3,1
,70443,W,QBA,3,3
,,,,4,2
,,,QCS,3,4
,,,QIS,2,1
,,,,3,5
,,,,4,1
,70452,W,ISP,3,1
,,,QBA,3,1
,,,,4,3
,,,QBS,4,1
,,,QCS,4,1
,,,QIS,3,1
,,,,4,3
,,,SPC,0,1
,70455,W,QBA,3,1
,,,,4,7
,,,QCS,3,1
,70469,W,QBA,4,5
,70481,W,CMQ,5,1
,,,QBA,3,2
,,,,4,7
,,,,5,1
,70493,W,QBA,3,7
,,,,4,8
,,,QCS,5,1
,70504,W,QBA,4,1
,70505,W,QBA,4,1
,73102,W,QBA,1,21
,,,,2,7
,,,QBS,4,2
,,,QCS,3,4
,,,,4,1
,,,,5,1
,,,QIS,2,1
,,,,3,2
,,,,4,2
,,,SPC,0,1
,73103,W,QBA,2,22
,,,,3,4
,,,,4,2
,73230,W,QBA,2,1
,,,,3,17
,,,,4,3
,,,,5,1
,,,QCS,5,1
,73265,W,QBA,2,2
,,,,3,4
,,,,4,4
,,,QIS,3,1
,,,SPC,0,1
,73336,W2,QBA,1,1
,,,,2,1
,,,,3,4
,,,QCS,2,1
,,,,3,1
,,,,4,1
,,,,5,1
,,,QIS,2,2
,,,,3,1
,,,SPC,0,1
,73369,W,QBA,3,4
,,,,4,6
,,,QCS,2,1
,,,,3,2
,,,SPC,0,1
,76100,W,QBA,1,10
,,,,2,1
,,,QIS,1,7
,,X,QBA,1,1
,,,QBS,1,7
,,,QCS,1,6
,,,QIS,1,3
,,XX,QBA,1,12
,,,QIS,1,5
,,Y,QBA,1,1
,,,QBS,1,4
,,,QCS,1,8
,,,QIS,1,4
,,Z,QBA,1,1
,,,QBS,1,4
,,,QCS,1,11
,,,QIS,1,6
,,ZZ,QBA,1,11
,,,QIS,1,6
,76101,W,QBA,1,3
,,,,2,1
,,,QBS,1,4
,,,QCS,1,1
,,,QIS,1,3
,76270,W,QBA,3,2
,,,QCS,2,10
,,,,4,1
,,,QIS,4,2
,,X,ENG,4,1
,,,QCS,2,16
,,,,3,1
,,,,5,1
,76385,W,ENG,4,1
,,,QBS,4,1
,,,QIS,3,4
,79104,W,QIS,1,25
,,,SPC,0,1
,79284,W,CMQ,5,1
,,,QBA,2,1
,,,,3,5
,,,,4,6
,,,QCS,3,1
,,,QIS,1,3
,,,,3,1
,,,,4,5
,79367,W,QBA,3,1
,,,,4,3
,,,QBS,4,2
,,,QCS,4,1
,,,QIS,1,5
,,,,4,9
,79378,W,QBA,2,1
,,,,4,9
,,,QBS,3,1
,,,,4,1
,,,QIS,3,3
,,,,4,10
,,,SPC,0,4
,79491,W,QBA,3,1
,,,,4,2
,80210,W,QIS,1,33
,,,,2,22
,,,,4,1
,80334,W,CMQ,5,1
,,,QBA,2,12
,,,,3,1
,,,QCS,3,1
,,,,4,4
,,,QIS,2,3
,,,,3,3
,,,,4,1
,82101,W,QBA,2,4
,,,,3,1
,,,,4,2
,,,QBS,3,3
,,,QIS,2,4
,82111,W,MSC,2,1
,,,QBA,1,3
,,,,2,1
,,,QBS,4,1
,,,QCS,2,1
,,,SPC,0,2
,82141,W,QBA,2,4
,,,,3,1
,,,QIS,2,7
,,,,3,3
,,X,QBA,2,2
,,,,4,3
,,,QBS,3,4
,,,,4,3
,,,QIS,3,2
,,,SPC,0,3
,82241,W,SPC,0,2
,82289,W,QBA,1,1
,,,QIS,2,1
,,,,3,4
,,,,4,2
,82314,W,ENG,4,1
,,,QBA,2,1
,,,,3,1
,,,,4,1
,,,QBS,3,1
,,,,4,1
,,,QCS,3,1
,,,QIS,2,3
,,,,4,3
,82414,W,ENG,4,1
,,,QBS,4,1
,,,QCS,4,1
,,,QIS,4,2
,85221,W,CS,2,1
,,,ISP,3,1
,,,QBA,2,2
,,,,4,2
,,,QBS,2,2
,,,,3,5
,,,QCS,4,1
,,,QIS,2,9
,,,,3,4
,,,,4,1
,85370,W,CMQ,5,1
,,,QBA,4,2
,,,QBS,2,8
,,,,3,4
,,,QIS,4,2
,85377,W,CS,3,1
,,,QBA,3,2
,,,QIS,4,3
,98000,W,QBA,3,1
,,,,4,1
,,,QBS,3,1
,,,QCS,2,1
,,,,3,1
,98041,W2,CMQ,5,1
,,,QBA,2,1
,,,,3,2
,,,QBS,4,1
,,,QIS,3,3
,,,,4,1
,98059,W2,QBS,3,2
,,,QCS,2,1
,,,,3,2
,,,QIS,1,3
,,,,2,2
,,,,4,1
,98060,W1,QCS,2,1
,,,,3,3
,99102,U1,QBA,1,1
,,,QIS,1,24
,,V1,QCS,1,8
,,,QIS,1,1
,,W1,QBA,1,17
,,,,3,1
,,,QBS,1,4
,,,QCS,1,13
,,,QIS,1,5
,,X1,QBA,1,22
,,,QBS,1,15
,,,QCS,1,5
,,,QIS,1,4
,99262,W1,QBS,2,1
,,,,3,7
,,,,4,1
,,,QIS,2,1
,99265,W,QBA,3,1
,,,QBS,3,1
,,,QIS,1,1
,,,,2,1
,,,,3,4
,,,,4,3
,99410,W,QIS,4,1
,QG106,W,QBA,3,1
,,,QCS,3,1
,QG350,W,QBS,3,1
,QG365,W,QBA,4,2
,QG447,W,QIS,3,1
,QN224,W,QCS,3,1
,QN273,W,QIS,2,1
,QN352,W,QBA,3,1
M20,3230,W,QBS,2,3
,,,,3,1
,,,QCS,3,1
,9105,W,MEG,3,2
,,,QBS,2,4
,,,,3,1
,,,QCS,2,2
,,,,3,2
,,,QIS,2,1
,,,SCS,2,1
,15112,W,QBA,2,1
,,,,5,1
,,,QIS,2,10
,,,,3,2
,21112,W,QBA,2,1
,,,QBS,2,1
,,,QCS,3,1
,,,QIS,2,2
,21122,W,QBS,2,1
,,,,4,2
,,,QCS,4,2
,,,QIS,2,1
,33115,W,QBA,1,1
,,,,2,10
,,,,3,1
,,,,4,4
,,,QCS,3,1
,,,QIS,2,4
,,,,3,2
,,,,4,3
,,,SPC,0,2
,33122,W,BA,3,1
,,,BSC,3,1
,,,M00,2,1
,,,QBS,3,6
,,,,4,2
,,,QCS,3,1
,51237,W,QBA,3,1
,,,,4,1
,,,QIS,2,1
,,,,3,5
,,,,4,7
,51368,W,QBA,4,2
,,,QCS,3,1
,,,QIS,2,1
,,,,3,3
,,,,4,6
,67315,W,HCI,10,1
,,,QIS,4,1
,,,,5,1
,67373,W,QBA,4,1
,,,QIS,4,1
,,,,5,2
,79240,W,CS,3,1
,,,QBA,3,3
,,,,4,3
,,,QBS,3,1
,,,QIS,3,3
,,,,4,2
,79362,W,QBA,4,1
,,,,5,1
,,,QIS,3,2
,,,,4,1
,82217,W,QBA,2,1
,,,QBS,3,3
,,,QIS,3,3
,,,,4,1
,,,SPC,0,1
,82412,W,QBA,2,1
,,,,4,3
,,,QBS,4,2
,,,QIS,2,1
,,,,4,1
,85102,W,MEG,2,1
,,,QBA,2,1
,,,QBS,3,1
,,,QIS,2,2
,,,,3,3
,,,SPC,0,6
,85221,W,QBA,2,1
,,,,4,1
,,,QBS,3,1
,,,,4,1
,,,SPC,0,2
,99270,W,QBA,2,2
,,,,3,1
,,,QIS,3,2
,,WW,QBS,2,2
,,WX,QCS,2,1
,,XX,QBA,4,1
,,Y,QBA,2,1
,,Z,QCS,3,1
,,ZZ,QBA,2,1
,,,,3,1
,,,,4,1
,99275,W,QCS,3,1
,,,QIS,3,2
,99412,W,QCS,3,1
,99520,W,QBA,2,1
,,,,4,1
,,,,5,1
,,,QBS,2,3
,,,,3,4
,,,,4,2
,,,QCS,2,1
,,,,3,1
,,,,4,1
,,,QIS,2,2
,,,,3,3
,,X,QBA,2,1
,,,QBS,2,1
,,,,4,1
,,,QCS,3,1
,,,QIS,2,3
,,,,4,3
,,Y,QBA,2,5
,,,,3,4
,,,,4,5
,,,QCS,3,1
,,,,4,1
,,,QIS,2,1
,,Z,QBA,4,1
,,,QBS,4,1
,,,QCS,2,1
,,,QIS,2,1
,,,,3,1
,,,,4,1
M21,3240,W,QBS,3,3
,3445,W,QBS,4,1
,21112,W,QBA,2,13
,,,QIS,2,7
,21122,W,QBS,3,1
,33115,W,QBA,2,3
,,,,4,1
,,,QBS,2,2
,,,QIS,2,4
,,,,3,2
,,,,4,1
,,,SPC,0,3
,33122,W,CMY,2,1
,,,QBS,3,2
,,,,4,1
,,,SHS,4,1
,51237,W,QBA,3,1
,,,QCS,2,1
,,,QIS,2,3
,,,,3,4
,,,,4,5
,,,,5,2
,51368,W,QIS,3,4
,,,,4,7
,,,,5,1
,67373,W,QIS,4,1
,,,,5,5
,82283,W,MUS,4,1
,,,QBS,5,1
,,,QCS,4,1
,,,SPC,0,1
,82412,W,QBA,4,1
,,,QIS,2,1
,,,,3,1
,,,,4,3
,85104,W,C00,2,1
,,,QBA,3,1
,,,QBS,5,1
,,,QCS,2,2
,,,QIS,4,4
,,,SPC,0,2
,85107,W,QBA,3,1
,,,QCS,2,1
,,,QIS,2,1
,,,,3,1
,,,,4,2
,,,,5,3
,99270,W,QBS,2,2
,,,,3,1
,,WW,QBS,2,3
,,,,3,1
,,WY,QBA,3,1
,,WZ,QCS,4,1
,,X,QBS,2,2
,,Y,QBA,3,2
,,Z,QBS,2,1
,,ZZ,QBS,3,2
,99275,W,SPC,0,1
,99519,W,CS,3,1
,,,QBA,3,1
,,,QIS,2,2
,99520,W5,QBA,2,5
,,,,5,1
,,,QCS,2,2
,,,,3,1
,,,QIS,3,1
,,X5,QBA,2,4
,,,,3,1
,,,,4,1
,,,QBS,2,1
,,,,4,1
,,,QCS,5,1
,,Y5,QBA,2,2
,,,,3,3
,,,,4,1
,,,QBS,4,1
,,,QCS,2,2
,,,,4,3
,,,QIS,2,5
,,,,3,4
,,,,4,3
M22,3128,W,QBS,3,3
,,,,4,4
,,,QCS,2,2
,15112,W,QBA,2,1
,,,,3,1
,,,QIS,2,3
,,,,3,1
,21112,W,QBS,2,1
,,,QIS,2,3
,,,,3,4
,,,,5,1
,51237,W,QBA,2,1
,,,,3,2
,,,QBS,4,2
,,,,5,1
,,,QCS,2,1
,,,,3,1
,,,QIS,2,2
,,,,3,4
,,,,4,1
,,,,5,4
,51368,W,QBA,2,1
,,,,3,1
,,,,4,1
,,,QBS,4,2
,,,QCS,3,1
,,,QIS,2,3
,,,,3,3
,,,,4,3
,,,,5,2
,67316,W,QBA,2,1
,,,QCS,3,1
,,,QIS,2,1
,,,,3,1
,,,,4,2
,67357,W,QIS,3,3
,,,,4,3
,,,,5,1
,79323,W,QBA,2,2
,,,,3,9
,,,,4,3
,,,,5,1
,,,QBS,4,1
,,,QCS,3,1
,,,QIS,2,1
,79389,W,QBA,3,8
,,,,4,1
,,,,5,1
,,,QBS,2,1
,,,,3,2
,,,SPC,0,1
,82217,W5,QIS,3,3
,,,,5,1
,82283,W,SPC,0,1
,85102,W,QBA,2,1
,,,,4,1
,,,QBS,4,1
,,,QCS,2,1
,,,,3,1
,,,QIS,2,4
,,,,3,2
,,,SPC,0,1
,99270,W,QBS,2,1
,,WY,QCS,5,1
,,WZ,QIS,3,2
,,X,QIS,2,1
,,XX,QBA,4,1
,,YY,QCS,3,1
,,,QIS,2,1
,,Z,QBS,2,3
,,,QCS,2,1
,99520,W5,QBA,2,1
,,,,4,1
,,,QBS,3,1
,,,,5,1
,,,QIS,2,1
,,,,5,1
,,X5,QBA,2,4
,,,,4,1
,,,,5,1
,,,QIS,4,1
,,Y5,QBA,4,2
,,,QBS,4,1
,,,,5,1
,,,QCS,2,3
,,,,3,1
,,,,4,2
,,,QIS,2,2
,,,,3,4
,,,,4,4
M23,3445,W,QBS,4,1
,21112,W,QBA,2,4
,,,QBS,2,1
,,,,4,1
,,,QIS,2,4
,,,,3,3
,21122,W,QBS,2,5
,,,,3,3
,,,,4,5
,21127,W,QCS,2,3
,51229,W,CMQ,5,1
,,,QBA,2,1
,,,,3,2
,,,,4,1
,,,QIS,3,5
,,,,4,10
,,,,5,1
,51368,W,QBA,2,2
,,,,3,2
,,,,5,1
,,,QBS,4,1
,,,QIS,2,3
,,,,3,1
,,,,4,5
,67316,W,QBA,3,3
,,,QBS,2,2
,,,,3,1
,,,QIS,2,4
,,,,3,1
,,,,5,1
,67318,W,QIS,2,1
,,,,3,3
,,,,4,5
,67357,W,QBA,3,1
,,,QCS,2,1
,,,QIS,3,7
,,,,4,1
,,,,5,2
,67505,W,QIS,4,1
,76301,W,QCS,4,1
,79292,W,QBA,2,6
,,,,3,3
,,,,4,9
,,,,5,1
,,,QBS,4,1
,,,QCS,1,1
,,,QIS,4,1
,,,SPC,0,8
,79366,W,QBA,2,9
,,,,3,6
,,,,4,9
,,,,5,1
,,,QBS,3,1
,,,,4,4
,,,QCS,1,1
,,,QIS,4,1
,,,SPC,0,4
,79491,W,QBA,4,2
,85102,W,QBA,2,2
,,,,3,2
,,,QBS,2,2
,,,QCS,2,9
,,,,5,1
,,,QIS,2,4
,,,,3,1
,,,SPC,0,2
,85107,W,QBA,2,3
,,,,3,3
,,,QBS,2,1
,,,,4,1
,,,QCS,2,1
,,,,3,1
,,,,5,1
,,,QIS,4,2
,,,SPC,0,8
,99270,W,QBS,3,2
,,,,4,2
,,WW,QBS,3,2
,,WY,QCS,3,3
,,WZ,QIS,5,1
,,X,QBA,3,1
,,,,4,1
,,XX,QCS,2,1
,,,QIS,2,1
,,Y,QBA,3,1
,,,,4,1
,99520,W5,QBS,2,1
,,,,3,1
,,,QCS,2,1
,,,,3,2
,,X5,QBA,2,4
,,,,3,1
,,,QCS,2,2
,,,,3,1
,,,QIS,2,1
,,,,3,2
,,,,4,2
,,Y5,QBA,3,1
,,,QCS,4,1
,,,QIS,2,1
,,,,4,1
M24,15112,W,QBA,2,1
,,,,3,1
,,,QCS,2,1
,,,QIS,2,11
,,,SPC,0,1
,15591,W,QCS,5,1
,21112,W,QBA,2,8
,,,,3,2
,21122,W,QBA,3,1
,,,QBS,3,2
,,,,5,2
,,,QCS,2,4
,,,,3,2
,,,QIS,2,2
,66236,W,QBA,3,1
,,,,4,1
,,,QIS,4,1
,,,SPC,0,1
,67316,W,QBA,2,1
,,,,3,2
,,,,4,3
,,,QCS,3,3
,,,QIS,2,1
,67357,W,QBA,4,1
,,,QIS,3,11
,,,,4,2
,70417,W,QBA,4,1
,,,QCS,3,2
,,,,4,1
,,,QIS,4,2
,79279,W,QBA,2,4
,,,,3,4
,,,,4,2
,,,QBS,4,1
,,,QCS,2,4
,,,,4,1
,,,QIS,2,3
,,,,3,3
,,,,4,4
,79366,W,QBA,2,10
,,,,3,4
,,,,4,2
,,,QBS,4,1
,,,QCS,3,3
,,,QIS,2,1
,,,,4,4
,82217,W,QBA,3,1
,,,,4,6
,,,QBS,3,2
,,,,4,1
,,,QIS,3,1
,,,,4,3
,82412,W,QBA,3,1
,,,,4,5
,,,QIS,4,4
,85241,W,QBA,2,2
,,,,4,1
,,,QBS,3,1
,,,QCS,2,2
,,,,3,2
,,,QIS,2,1
,,,,3,6
,,,,4,3
,99270,W,QBA,2,1
,,,,3,1
,,,QBS,2,6
,,,,3,7
,,,QCS,2,1
,,,,3,5
,,,,4,1
,,,QIS,2,1
,99520,W,QBA,3,1
,,,QBS,5,2
,,,QIS,4,1
,,X,QBA,3,2
,,,QBS,4,1
,,,QIS,3,2
,,Y,QBA,2,1
,,,,3,2
,,,,4,3
,,,QCS,4,1
,,,QIS,2,1
,,,,4,5
,,Z,QCS,2,14
,,,,3,3
,,,,4,5
,,,QIS,4,1
,QT206,W,QBA,3,1
N20,99270,W,QIS,4,1
S20,2250,2,QBS,3,10
,,,,4,10
,,,QCS,4,1
,,W,QBS,3,10
,,,,4,10
,,,QCS,4,1
,2318,W4,QBS,1,1
,,,,2,1
,,,,3,1
,,,,5,1
,,,QCS,1,1
,,,,2,3
,3116,W,QBS,1,4
,,,QCS,4,1
,3117,W,QBS,1,13
,,,QCS,4,1
,3120,W3,QBS,1,4
,,,,2,3
,,,,3,2
,,,,4,4
,,,QIS,2,1
,3121,W,QBA,4,1
,,,QBS,1,1
,,,QCS,1,3
,,,,2,1
,,,,4,2
,,,QIS,1,1
,,,,2,2
,,,SPC,0,4
,3201,W,QBS,4,1
,3202,W,QBS,1,1
,,,,2,15
,,,,3,2
,,,,4,1
,3210,W3,QCS,4,1
,,W4,QBS,4,3
,,,SPC,0,2
,,X3,QCS,5,1
,,X4,QCS,5,1
,3220,2,QBS,1,1
,,,,2,15
,,,,4,1
,,W,QBS,1,1
,,,,2,15
,,,,4,1
,3230,W,QBS,2,1
,,,,3,2
,,,,4,1
,3240,2,QBS,1,1
,,,,2,15
,,,,3,3
,,W,QBS,1,1
,,,,2,15
,,,,3,3
,3344,2,QBS,3,8
,,,,4,1
,,W,QBS,3,8
,,,,4,1
,3355,W,QBS,3,6
,,,,4,3
,3363,W,QBS,3,2
,,,,4,1
,,,,5,1
,3409,W4,QBS,2,13
,,,,3,1
,3412,W,QBS,3,11
,,,,4,6
,3445,W,QBS,4,2
,,WW,QBS,4,4
,,YY,QBS,3,2
,,Z,QBS,3,3
,,,,4,1
,3545,W,QBS,4,6
,7599,W,QCS,4,3
,9106,W,QBS,1,15
,9114,W4,QBA,1,3
,,,QBS,1,3
,,,,3,2
,,,,4,2
,,,QCS,4,1
,,,QIS,3,2
,9218,W,QBS,1,1
,,,,2,14
,,,,3,3
,,,,4,1
,11346,W4,CS,3,1
,,,ECE,1,1
,,,QBA,1,1
,,,QBS,1,1
,,,,5,1
,,,QCS,1,1
,,,,2,5
,,,,4,2
,,,QIS,1,1
,,,,3,1
,15110,3,QBA,4,1
,,,QBS,1,15
,,,,2,2
,,W,QBA,4,1
,,,QBS,1,15
,,,,2,2
,15112,W,QBA,2,1
,,,QBS,1,2
,,,QCS,1,1
,,,QIS,1,13
,,,,2,1
,,,,5,1
,,,SPC,0,2
,,X,QBA,2,1
,,,,4,1
,,,QBS,2,1
,,,QCS,1,5
,,,QIS,1,8
,,,,2,8
,,,,4,1
,,,SPC,0,1
,15122,3,QBA,1,1
,,,QBS,1,1
,,,QCS,1,21
,,,,2,2
,,,QIS,1,1
,,,SPC,0,2
,,W,QBA,1,1
,,,QBS,1,1
,,,QCS,1,21
,,,,2,2
,,,QIS,1,1
,,,SPC,0,2
,15210,W,QCS,2,15
,,,,3,4
,,,,4,1
,,,QIS,2,1
,,,,4,1
,15251,2,QBS,3,1
,,,QCS,1,4
,,,,2,18
,,,,3,4
,,,,4,2
,,,QIS,2,1
,,W,QBS,3,1
,,,QCS,1,4
,,,,2,18
,,,,3,4
,,,,4,2
,,,QIS,2,1
,15316,W,QCS,2,1
,,,,4,9
,15390,W,QBA,1,1
,,,QBS,4,1
,,,QCS,1,10
,,,,3,2
,,,,4,2
,,,QIS,4,1
,15415,2,QCS,3,1
,,,,4,1
,,,QIS,4,1
,,W,QCS,3,1
,,,,4,1
,,,QIS,4,1
,15441,2,QCS,2,1
,,,,3,3
,,,,4,2
,,,,5,1
,,W,QCS,2,1
,,,,3,3
,,,,4,2
,,,,5,1
,15455,W,QBS,4,1
,,,QCS,4,2
,15488,W,QBS,4,1
,,,QCS,1,1
,,,,2,4
,,,,3,5
,,,,4,2
,,,QIS,3,3
,,,,4,1
,15591,W,QCS,4,1
,19304,W3,QBA,1,1
,,,,3,1
,,,,4,2
,,,QCS,2,1
,,,QIS,3,2
,21112,W,QBA,1,22
,,,QBS,1,8
,,,,2,2
,,,QIS,1,23
,,,,2,2
,21120,W,QBA,1,2
,,,QBS,1,1
,,,,2,1
,,,QCS,1,1
,,,QIS,1,1
,21122,W,QBS,4,2
,,,QCS,1,15
,,,,2,1
,,,,3,1
,,,QIS,2,1
,,,,5,1
,,,SPC,0,1
,21127,W,QBA,1,5
,,,QBS,1,4
,,,QCS,1,12
,,,SPC,0,1
,21355,W,QCS,2,1
,,,,4,3
,21484,W,QBS,4,1
,,,QCS,3,3
,,,,4,1
,33115,W,QBA,1,5
,,,,2,1
,,,,3,1
,,,,4,1
,,,QIS,3,1
,,,,4,1
,33122,W,QBS,2,6
,,,,3,2
,,,,4,1
,36200,W,QBS,2,1
,,,,4,2
,,,QCS,2,2
,,,,3,1
,,,QIS,2,22
,,,,3,5
,,,,4,1
,36218,W,QBS,4,1
,,,QCS,1,12
,,,,2,6
,,,,3,4
,38110,W,QBS,2,3
,,,,3,2
,38220,W,QBS,3,2
,38230,W3,QBS,1,1
,,,,2,14
,,,,3,1
,38301,W,QBS,3,13
,62146,W,QCS,4,1
,,,QIS,2,1
,,,,4,6
,62238,W,QBA,3,1
,,,QBS,2,1
,,,QCS,1,7
,,,,2,2
,,,,4,1
,,,QIS,1,2
,,,,2,4
,,,,3,1
,,,,4,2
,66502,W,QIS,4,1
,,WW,QIS,4,1
,,Y,QIS,4,1
,,Z,QIS,4,1
,67204,W4,QBA,3,1
,,,QIS,3,5
,,,,4,2
,67239,W,QIS,2,8
,,,,4,1
,67250,W,QIS,1,25
,,,,2,1
,,X,QBA,1,2
,,,,2,1
,,,QBS,2,1
,,,QCS,1,1
,,,,2,2
,,,QIS,1,2
,,,,2,5
,,,,3,2
,67265,W,QBA,3,4
,,,QBS,4,2
,,,QIS,1,1
,,,,2,10
,,,,3,1
,,X,QBA,1,1
,,,QBS,2,1
,,,,4,2
,,,QCS,2,2
,,,QIS,2,11
,,,,3,1
,67272,W,QBA,3,1
,,,QIS,2,7
,,,,3,1
,,X,QCS,3,3
,,,QIS,2,5
,,,,3,3
,,,,4,1
,,,,5,1
,67313,W,QIS,2,1
,,,,3,6
,,,,4,3
,,,,5,1
,67318,W,QIS,3,6
,,,,4,1
,67338,W,QIS,3,13
,,,,4,6
,,,,5,2
,67355,W,QIS,3,4
,67373,W,QIS,3,20
,67382,W,QBA,4,1
,,,QIS,2,1
,,,,3,8
,,,,4,2
,,,,5,1
,70110,W,QBA,1,34
,,,,3,1
,,,QIS,1,2
,,,SPC,0,3
,70201,W,QBA,3,13
,,,,4,26
,,,,5,3
,70208,W,QBA,2,20
,,,,3,9
,,,,5,1
,,,QIS,1,1
,,,,3,1
,70257,W,QBA,1,4
,,,,2,22
,,,,3,6
,,,,4,3
,,,,5,2
,70311,W,QBA,2,5
,,,,3,4
,,,,4,1
,,,QBS,4,1
,,,QCS,2,1
,,,,4,1
,,,QIS,2,1
,70332,W,QBA,3,7
,,,QCS,4,1
,,,QIS,3,3
,,,SPC,0,2
,70342,W,QBA,3,12
,,,,4,15
,,,,5,2
,,,QBS,4,1
,,,QCS,4,1
,,,QIS,3,2
,,,,5,1
,70345,W,QBA,3,16
,,,,4,2
,,X,QBA,3,14
,,,,4,2
,,,,5,2
,70352,W4,QBA,1,2
,,,,2,1
,,,,3,1
,,,,4,4
,,,QIS,2,3
,70374,W,QBA,3,3
,,,,4,1
,,,QIS,4,1
,70381,W,QBA,2,6
,,,,3,16
,,,,4,1
,,,QCS,2,2
,,,QIS,2,4
,,,,3,1
,,,,4,1
,70391,W,QBA,2,11
,,,,3,9
,,,,4,1
,,,,5,1
,,,QCS,4,3
,70398,W,QBA,3,1
,,,,4,4
,70401,W,QBA,4,34
,,,,5,2
,70416,W,QBA,3,11
,,,,4,3
,,,QCS,4,1
,70417,W,QBA,3,3
,,,,4,6
,70462,W,QBA,2,3
,,,,3,7
,,,,4,2
,70471,W,QBA,3,4
,,,,4,5
,,,,5,1
,70481,W,QBA,3,1
,,,,4,2
,70489,W3,QBA,1,2
,,,,2,1
,,,,4,2
,,,QIS,2,1
,70492,W,QBA,3,6
,,,,4,4
,70494,W,QBA,2,2
,,,,3,13
,,,,4,4
,,,SPC,0,1
,70501,W,QBA,4,2
,73102,W,QBA,1,34
,,,,2,7
,,,,3,2
,,,,4,1
,,,QCS,2,1
,,,,4,2
,,,QIS,1,1
,,,,2,4
,,,,3,1
,73230,W,QBA,2,14
,,,,3,7
,,,,4,2
,,,,5,1
,73265,W,QBA,3,10
,,,,4,7
,,,QIS,3,1
,73365,W,QBA,3,11
,,,,4,7
,76101,W,QBA,1,6
,,,QBS,1,1
,,,,2,1
,,,QCS,1,5
,,,,2,1
,,,QIS,1,2
,,WW,QBA,1,6
,,,QBS,1,3
,,,QIS,1,9
,,,,2,1
,,X,QBA,1,3
,,,QBS,1,1
,,,QCS,1,8
,,,QIS,1,5
,,,,2,1
,,,,4,1
,,XX,QBA,1,7
,,,QBS,1,8
,,,QCS,1,1
,,,QIS,1,1
,,Y,QBA,1,7
,,,QBS,1,3
,,,QIS,1,8
,,YY,QBA,1,4
,,,QCS,1,9
,,,,2,1
,,,QIS,1,1
,,,,2,1
,76253,W4,QBA,1,1
,,,QBS,4,1
,,,,5,1
,,,QCS,2,2
,,,,4,1
,,,QIS,1,1
,,,,2,1
,,,,3,2
,76270,W,QCS,2,3
,,,,3,1
,,,,4,1
,,,QIS,2,6
,,,SPC,0,1
,,X,QBA,2,1
,,,QCS,2,7
,,,,3,3
,,,,4,2
,,,QIS,2,1
,,,,4,1
,76318,W,QCS,4,2
,,,QIS,2,1
,76373,W,QCS,4,2
,,,QIS,3,1
,,,,4,3
,76425,W,QBA,4,1
,,,QBS,5,1
,,,QCS,4,1
,,,QIS,3,1
,,,,4,1
,79104,W,QBS,1,1
,,,,4,1
,,,QCS,1,1
,,,,2,2
,,,QIS,1,16
,,,,2,1
,79253,W,QBA,1,3
,,,,2,3
,,,,4,3
,,,QBS,1,1
,,,,2,1
,,,,4,1
,,,QCS,2,1
,,,QIS,3,3
,,,,4,2
,79285,W,QBA,1,2
,,,,2,2
,,,,3,3
,,,,4,1
,,,,5,1
,,,QBS,1,1
,,,,2,1
,,,,3,2
,,,,4,1
,,,QCS,1,3
,,,,2,3
,,,,4,1
,,,QIS,1,4
,,,,2,2
,,,,3,6
,,,,4,1
,79378,W,QBA,1,8
,,,,4,4
,,,QBS,2,1
,,,QCS,2,1
,,,,3,2
,,,QIS,1,1
,,,,3,1
,,,,4,1
,,,,5,1
,79393,W,QBA,1,1
,,,,2,7
,,,,3,2
,,,,4,1
,,,QBS,2,1
,,,QCS,2,2
,,,QIS,3,2
,,,SPC,0,1
,79411,W,QBA,5,1
,,,QCS,2,1
,,,,3,1
,,,QIS,4,5
,,,SPC,0,1
,79465,W,QBA,3,1
,,,,4,3
,,,QBS,4,1
,,,QCS,2,2
,,,QIS,2,2
,,,,3,3
,,,,4,2
,79470,W,QBA,1,2
,79491,W,QBA,4,2
,,WW,QIS,2,1
,,,,4,1
,80249,W,QBA,2,1
,,,QBS,4,1
,,,QCS,1,2
,,,,2,1
,,,,3,1
,,,,4,1
,,,QIS,3,2
,,,,4,1
,,,SPC,0,2
,82102,W,QIS,3,4
,,,,5,1
,,,SPC,0,1
,82103,W,QBA,3,2
,,,QBS,3,3
,,,,4,1
,,,QCS,2,1
,,,QIS,1,2
,,,,3,4
,,X,QBA,2,5
,,,,3,2
,,,,4,6
,,,QIS,1,1
,82142,W,QBA,4,1
,,,QIS,2,3
,,,SPC,0,2
,82201,W,QBA,2,1
,,,QBS,4,1
,82242,W,QIS,4,2
,82355,W,QCS,4,1
,,,QIS,4,3
,82413,W,QBA,3,1
,,,QBS,3,1
,,,,4,2
,,,QCS,2,1
,,,QIS,2,1
,,,,3,1
,82414,W,QBA,3,1
,,,QBS,1,1
,,,,4,2
,,,QIS,1,1
,,,,3,6
,,,SPC,0,2
,85219,W,QBS,1,9
,,,,2,3
,,,,3,4
,,,,4,1
,,,,5,2
,,,QCS,1,2
,,,,2,1
,,,,4,1
,,,SPC,0,1
,85241,W,QBA,1,13
,,,,3,1
,,,,4,2
,,,,5,1
,,,QBS,2,1
,,,,3,3
,,,,5,1
,,,QCS,1,5
,,,,2,4
,,,,4,1
,,,QIS,1,3
,,,,2,8
,,,SPC,0,2
,85310,W,QBS,5,1
,,,QCS,4,2
,,,QIS,3,4
,85339,W4,QBA,1,1
,,,,2,1
,,,QBS,1,1
,,,,2,2
,,,,3,1
,,,,5,1
,,,QCS,1,1
,,,,2,1
,,,QIS,1,1
,,,,3,6
,98000,W,QBA,2,1
,,,QBS,4,1
,,,QCS,4,3
,98063,W,QBA,1,1
,,,,2,1
,,,,3,3
,,,,4,1
,,,QBS,3,1
,,,QCS,2,2
,,,,3,1
,,,QIS,2,1
,98128,W,QBA,2,1
,,,,4,6
,,,QBS,3,1
,,,,4,3
,,,QCS,2,2
,,,QIS,2,2
,,,,3,1
,,,,4,1
,98138,W,QBA,3,1
,,,QBS,4,1
,,,QCS,3,2
,,,,4,1
,,,QIS,2,1
,,,,3,1
,98142,W3,QBA,3,1
,,,QBS,4,2
,,,QCS,3,1
,,,QIS,3,2
,,,,4,1
,98365,W3,QBA,4,1
,,,QBS,3,2
,,,QCS,4,1
,,,QIS,3,2
,,,,4,1
,,,,5,1
,,,SPC,0,1
,99231,W3,QBS,2,2
,,,QIS,2,1
,QC211,2,QBS,2,12
,,,,3,3
,,W,QBS,2,12
,,,,3,3
,QG070,W,QIS,4,1
,QT235,W,QBA,4,2
,QV116,W,QBA,4,2
S21,3116,W,QBS,1,2
,3117,W,QBS,1,13
,3120,X4,QBS,1,7
,,,,2,3
,,,,3,3
,,,,4,2
,,,QIS,2,1
,,,,3,1
,,,,4,1
,3121,W,BSC,1,1
,,,PHY,3,1
,,,QBA,1,1
,,,QCS,1,2
,,,,2,1
,,,QIS,1,1
,,,,4,1
,3151,2,QCS,1,1
,,W,QCS,1,1
,3202,W,QBS,2,18
,,,,3,1
,3220,2,QBS,2,18
,,,,3,1
,,,QCS,2,1
,,W,QBS,2,18
,,,,3,1
,,,QCS,2,1
,3230,W,QBS,3,13
,,,,4,5
,3232,W,QBS,2,2
,3240,2,PSY,4,1
,,,QBS,2,14
,,,,3,3
,,,QCS,2,1
,,W,PSY,4,1
,,,QBS,2,14
,,,,3,3
,,,QCS,2,1
,3344,2,QBS,3,10
,,,,4,6
,,W,QBS,3,3
,,,,4,3
,,X,QBS,3,7
,,,,4,3
,3350,W,BSC,3,1
,,,QBS,3,6
,,,,4,4
,3362,W,QBS,2,2
,,,,3,4
,,,,4,2
,3409,W4,QBS,2,6
,3412,W,QBS,2,1
,,,,3,14
,,,,4,4
,3445,WW,QBS,1,1
,,,,2,1
,,Y,QBS,4,2
,,Z,QBS,3,1
,,,,4,1
,3545,W,QBS,4,5
,7599,W,QCS,4,1
,9106,W,QBS,1,15
,,,,2,4
,,,QCS,3,1
,9207,2,QBS,2,12
,,W,QBS,2,6
,,X,QBS,2,6
,9218,W,QBS,2,9
,11411,W,QBS,5,1
,,,QCS,3,3
,,,,4,1
,15110,3,QBA,1,2
,,,QBS,1,16
,,,,3,1
,,,QIS,1,2
,,,SPC,0,2
,,W,QBA,1,2
,,,QBS,1,16
,,,,3,1
,,,QIS,1,2
,,,SPC,0,2
,15112,W,QBA,1,1
,,,,2,1
,,,QCS,1,6
,,,QIS,1,22
,,,,2,2
,15122,3,CS,2,1
,,,QBA,2,1
,,,QBS,2,1
,,,QCS,1,19
,,,,2,5
,,,SPC,0,3
,,W,CS,2,1
,,,QBA,2,1
,,,QBS,2,1
,,,QCS,1,19
,,,,2,5
,,,SPC,0,3
,15182,W,QBS,4,1
,,,QCS,1,1
,,,SPC,0,46
,15210,W,PHY,2,1
,,,QBS,4,1
,,,QCS,2,14
,,,,3,6
,,,,4,1
,15251,2,QCS,1,1
,,,,2,15
,,,,3,2
,,W,QCS,1,1
,,,,2,15
,,,,3,2
,15282,W,QCS,1,1
,,,QIS,4,1
,15288,W,QBA,3,1
,,,,4,1
,,,QCS,1,12
,,,,3,2
,,,QIS,3,2
,,,,4,2
,15316,W,QCS,3,3
,,,,4,8
,15330,W,QBS,5,1
,,,QCS,3,9
,15441,2,CS,4,2
,,,ECE,2,1
,,,QBS,5,1
,,W,CS,4,2
,,,ECE,2,1
,,,QBS,5,1
,15455,W,QCS,4,6
,15591,W,QCS,2,2
,,X,QCS,3,1
,21111,W,QBA,1,2
,,,QCS,2,1
,,,QIS,1,1
,21112,W,QBA,1,12
,,,QBS,1,1
,,,,3,1
,,,QIS,1,10
,,X,QBA,1,12
,,,QIS,1,2
,,,,4,1
,,,SPC,0,1
,21122,W,QBS,2,1
,,,QCS,1,21
,,,,2,2
,,,,3,1
,,,QIS,2,1
,,,,3,1
,,,,5,1
,21127,W,ECE,1,1
,,,PSY,1,1
,,,QCS,1,5
,21355,W,QCS,2,1
,,,,3,2
,21441,W,QCS,3,3
,33115,W,HSS,3,1
,,,QBA,1,4
,,,,2,1
,,,,4,2
,,,QIS,2,5
,,,,3,1
,,,,4,2
,,,,5,1
,,,SPC,0,3
,33122,W,BSC,2,1
,,,QBS,2,3
,,,QCS,2,2
,,,,3,1
,,,,4,1
,36200,W,BSC,1,1
,,,QBA,2,2
,,,QBS,3,1
,,,,4,1
,,,QIS,1,6
,,,,2,11
,,,,3,1
,,,SPC,0,1
,36218,W,HSS,3,1
,,,QBS,4,1
,,,QCS,1,6
,,,,2,8
,,,,3,5
,,,,4,1
,,,QIS,2,1
,,,SHS,3,1
,38110,W,PHY,3,1
,,,QBS,3,4
,38220,W,MSC,3,1
,,,QBS,3,5
,38230,W3,QBS,2,20
,,,,3,2
,38301,W,QBS,2,1
,,,,3,16
,,,,4,3
,51214,W3,QBA,2,1
,,,QBS,1,1
,,,,2,1
,,,QIS,3,1
,,,,4,2
,51218,W4,ARC,1,1
,,,QBA,4,1
,,,QIS,4,4
,51238,W4,DES,4,1
,,,QBA,4,1
,,,QBS,2,1
,,,QIS,1,1
,,,,3,1
,,,,4,3
,51258,W4,QBS,1,1
,,,QIS,4,3
,51280,W4,ECE,4,1
,,,QBA,2,2
,,,,4,1
,,,QBS,4,1
,,,QIS,3,3
,,,,4,4
,62212,W4,QCS,2,2
,,,QIS,3,4
,,,,4,3
,,,,5,1
,66502,W,QIS,4,2
,,Y,QIS,4,1
,,Z,QIS,4,1
,67250,W,QBA,1,2
,,,,2,1
,,,QCS,1,1
,,,,3,1
,,,QIS,1,12
,,,,2,2
,,,,3,3
,,X,HSS,2,1
,,,QCS,1,1
,,,,2,1
,,,QIS,1,15
,,,,2,2
,67272,4,QCS,3,1
,,,QIS,2,2
,,,,3,9
,,5,HSS,3,1
,,,QCS,4,1
,,,QIS,2,13
,,,,3,9
,,,,4,4
,,,,5,1
,,W,QCS,3,1
,,,QIS,2,2
,,,,3,9
,,X,QIS,2,3
,,,,3,9
,,,,4,4
,,,,5,1
,,Z,HSS,3,1
,,,QCS,4,1
,,,QIS,2,10
,67280,W,QCS,4,3
,,,QIS,3,6
,,,,4,2
,67313,W,HSS,3,1
,,,QIS,2,8
,,,,3,5
,,,,4,3
,,,,5,1
,67318,W,QCS,4,2
,,,QIS,3,3
,67338,W,QBA,4,1
,,,QBS,3,1
,,,QIS,2,4
,,,,3,4
,,,,4,1
,67359,W,QBA,4,1
,,,QIS,3,1
,,,,4,11
,,,,5,3
,,X,HSS,3,1
,,,QBA,4,1
,,,QIS,2,2
,,,,3,6
,,,,4,1
,67373,W,QIS,3,9
,67382,W,HSS,3,1
,,,QIS,3,10
,,,,5,1
,,X,QCS,4,1
,67390,W,QBS,4,1
,,,QIS,4,1
,67490,W,QIS,4,2
,70110,W,QBA,1,48
,,,,2,2
,,,QIS,2,1
,70201,W,QBA,2,1
,,,,3,10
,,,,4,28
,,,,5,2
,70208,W,QBA,2,34
,,,,5,1
,,,QIS,2,4
,,,,3,1
,,,,4,1
,,,SPC,0,1
,70257,W,QBA,1,6
,,,,2,29
,,,,4,2
,,,,5,1
,,,QIS,2,1
,70311,W,QBA,2,9
,,,,3,2
,,,,4,5
,,,QIS,2,4
,,,,3,1
,,,,4,2
,,,SPC,0,1
,70332,W,QBA,3,5
,,,,4,4
,,,QBS,4,1
,,,QCS,3,3
,,,,4,1
,,,QIS,3,1
,,,,4,1
,70345,W,QBA,3,9
,,,,4,5
,,,,5,1
,,X,QBA,3,13
,,,,4,3
,,,,5,1
,70374,W,QBA,3,3
,,,,4,6
,,,QIS,3,1
,,,,4,2
,70381,W,QBA,2,8
,,,,3,8
,,,QCS,3,1
,,,QIS,2,3
,,,,3,1
,,,SPC,0,3
,70391,W,QBA,2,15
,,,,3,1
,,,,5,1
,70398,W,QBA,4,2
,70401,W,QBA,4,40
,,,,5,4
,70411,W,QBA,3,3
,,,,4,5
,70416,W,QBA,3,5
,,,,4,8
,,,,5,2
,,,QIS,3,4
,70424,W,MSC,4,1
,,,QBA,2,2
,,,,3,2
,,,,4,1
,70443,W,QBA,3,8
,,,,4,4
,,,QCS,4,1
,,,QIS,3,4
,,,,4,1
,,,SPC,0,1
,70448,W,QBA,3,4
,,,,4,5
,,,QCS,4,1
,,,QIS,3,2
,,,,4,1
,70462,W,QBA,3,3
,,,,4,2
,70492,W,QBA,3,4
,,,,4,2
,70500,W,QBA,4,1
,70501,W,QBA,4,5
,70502,W,QBA,3,1
,73102,W,QBA,1,28
,,,QCS,3,1
,,,QIS,2,1
,,,,4,1
,,X,QBA,1,18
,,,,2,1
,,,QCS,2,4
,,,,3,4
,,,QIS,2,1
,,,,3,2
,,,,4,1
,73230,W,QBA,2,30
,,,,3,8
,,,,4,3
,,,,5,2
,73347,W,QBA,2,1
,,,,3,5
,,,,4,2
,,,QIS,3,2
,73353,W,QBA,3,3
,,,,4,3
,,,QIS,4,1
,76101,W,QBA,1,6
,,,QCS,1,1
,,,QIS,1,4
,,WW,QBA,1,8
,,,QBS,1,3
,,,QCS,1,2
,,,QIS,1,1
,,X,QBA,1,3
,,,QBS,1,6
,,,,3,1
,,,QCS,1,1
,,,QIS,1,4
,,XX,QBA,1,9
,,,QCS,1,3
,,,QIS,1,2
,,Y,QBA,1,4
,,,QBS,1,3
,,,QCS,1,2
,,,QIS,1,7
,,YY,QBA,1,2
,,,QCS,1,5
,,,QIS,1,7
,,Z,QBA,1,6
,,,QBS,1,3
,,,QCS,1,4
,,ZZ,QBA,1,6
,,,QCS,1,4
,,,QIS,1,3
,76270,W,QBA,1,1
,,,QCS,1,2
,,,,2,1
,,,QIS,2,5
,,,,3,1
,,,,5,1
,,X,QBA,2,1
,,,QBS,5,1
,,,QCS,2,2
,,,,3,3
,,,QIS,2,2
,76389,W,ENG,2,1
,,,QBA,3,1
,,,,5,1
,,,QCS,2,1
,,,QIS,3,1
,,,,4,1
,79104,W,QBA,1,1
,,,QBS,3,1
,,,QIS,1,16
,,,,2,3
,,,,3,1
,,,SPC,0,3
,79293,W,QBA,2,2
,,,,4,2
,,,QCS,3,1
,,,,4,2
,,,QIS,2,1
,,,,3,5
,,,SPC,0,3
,79391,W,QBA,1,5
,,,,2,1
,,,,4,1
,,,,5,1
,,,QBS,3,1
,,,QCS,1,1
,,,QIS,2,6
,,,,4,4
,,,SPC,0,1
,79392,W,QBA,1,9
,,,,4,2
,,,QBS,3,2
,,,,4,1
,,,QCS,2,1
,,,,3,1
,,,QIS,2,3
,,,,3,1
,,,,4,2
,79465,W,QBA,4,3
,,,QBS,3,2
,,,QCS,3,1
,,,QIS,3,1
,,,,4,6
,,,,5,1
,79491,W,QBA,4,1
,80244,W,QBA,1,1
,,,,2,3
,,,,4,1
,,,QBS,3,1
,,,,4,4
,,,QCS,4,1
,,,QIS,3,11
,,,,4,2
,,,,5,1
,82102,W,QBA,1,2
,,,QIS,4,2
,,,SPC,0,1
,82103,W,MUS,2,1
,,,QBA,1,3
,,,,2,8
,,,QBS,1,2
,,,,2,1
,,,,3,4
,,,,4,1
,,,QCS,1,1
,,,QIS,2,4
,,,,3,1
,,,,4,1
,,,SPC,0,1
,82142,W,QBS,4,2
,,,QCS,3,1
,,,QIS,4,1
,,,SPC,0,2
,82201,W,QBA,3,1
,,,QBS,4,1
,,,QIS,4,4
,82241,W,QIS,3,1
,82512,W,QBA,4,2
,,,QBS,4,1
,,,QIS,2,1
,,,,3,1
,,,,4,2
,,,,5,1
,84293,W3,QBA,1,2
,,,QIS,3,2
,85219,W,QBA,3,1
,,,QBS,1,4
,,,,2,1
,,,,3,2
,,,,4,1
,,,QCS,1,4
,,,,3,1
,,,,4,2
,,,QIS,1,1
,,,,3,1
,,,,4,1
,85241,W,HSS,4,1
,,,QBA,1,20
,,,,2,4
,,,QBS,1,7
,,,,3,1
,,,,4,2
,,,QCS,1,2
,,,,2,3
,,,QIS,2,9
,,,,3,1
,,,,4,2
,85310,W,QBA,3,1
,,,QBS,3,1
,,,,4,1
,,,QCS,3,1
,,,,4,2
,,,QIS,3,1
,,,,4,3
,85406,W,QBS,3,1
,,,,4,2
,,,QIS,4,2
,85508,W,QBS,4,1
,95411,W4,QBA,1,2
,,,QCS,1,1
,,,,3,2
,,,QIS,3,3
,,,,4,2
,98000,W,QBA,3,1
,,,,4,2
,,,QBS,3,1
,,,QIS,4,3
,98079,W4,CEE,4,1
,,,QBA,2,2
,,,,4,2
,,,QBS,1,2
,,,,2,2
,,,,5,1
,,,QCS,1,1
,,,,3,1
,,,QIS,2,4
,,,,3,3
,,,STA,1,1
,,,,3,1
,98194,W4,QBA,4,1
,,,QBS,3,2
,,,,4,2
,,,QCS,3,1
,,,QIS,4,3
,98208,W4,QBA,2,2
,,,,3,1
,,,,4,6
,,,QBS,1,1
,,,,3,1
,,,QCS,4,1
,,,QIS,1,1
,,,,4,4
,98385,W3,QBA,3,1
,,,QBS,2,1
,,,,3,2
,,,,4,1
,,,QIS,3,1
,,,,4,2
,,,,5,1
,98386,W3,QBA,2,1
,,,,3,1
,,,QBS,1,3
,,,,4,2
,,,QIS,2,2
,,,,3,2
,,,,4,2
,QC211,2,QBS,2,14
,,,,3,3
,,X,QBS,2,8
,,,,3,3
,,Y,QBS,2,6
,QG001,W,QIS,4,2
S22,2510,W,QCS,3,1
,,,,5,1
,3117,W,QBS,1,8
,,,,5,1
,,,QCS,1,1
,3119,W4,QBA,2,1
,,,,3,1
,,,QBS,1,3
,,,,2,2
,,,,3,4
,,,,4,1
,,,,5,1
,,,QCS,1,1
,,,,4,1
,,,QIS,3,1
,,,SPC,0,1
,3202,W,QBS,2,15
,3210,W4,QBS,4,2
,,,,5,1
,,X3,QBS,2,1
,3220,2,QBS,2,15
,,,QCS,3,1
,,W,QBS,2,15
,,,QCS,3,1
,3230,W,QBS,3,3
,,,QCS,4,1
,3240,2,QBS,2,15
,,,,3,1
,,W,QBS,2,15
,,,,3,1
,3290,W4,QBS,2,7
,3344,2,QBS,3,11
,,,,4,4
,,,,5,1
,,W,QBS,3,11
,,,,4,4
,,,,5,1
,3363,W,QBS,3,5
,,,,4,1
,,,QCS,2,1
,,,,3,1
,,,,4,1
,3412,W,QBS,3,13
,,,,4,3
,3445,W,QBS,3,1
,,Z,QBS,3,3
,,,QCS,4,1
,3545,W,QBS,4,6
,5897,W,QIS,2,17
,,,,4,2
,,X,QBA,1,1
,,,QCS,3,1
,,,QIS,2,8
,,,,3,1
,,,,4,1
,7131,W,QCS,4,1
,7599,W,QCS,4,3
,9101,24,QCS,4,2
,,W4,QCS,4,2
,9106,W,QBS,1,13
,,,QCS,1,1
,9218,W,QBS,2,13
,,,,3,3
,,,,4,1
,9445,W,QBS,2,4
,,,,4,1
,,X,QBS,3,1
,11411,W,QCS,4,4
,,,QIS,2,1
,,,SPC,0,1
,11785,W,AIT,10,1
,15110,3,QBA,1,3
,,,QBS,1,8
,,,,2,1
,,,,4,1
,,,QCS,1,1
,,,QIS,1,5
,,,SPC,0,1
,,W,QBA,1,3
,,,QBS,1,8
,,,,2,1
,,,,4,1
,,,QCS,1,1
,,,QIS,1,5
,,,SPC,0,1
,15112,W,QBA,1,1
,,,,2,1
,,,QCS,1,3
,,,QIS,1,23
,,,SPC,0,2
,15122,3,QCS,1,19
,,,,2,3
,,,QIS,2,2
,,,,3,3
,,W,QCS,1,19
,,,,2,3
,,,QIS,2,2
,,,,3,3
,15182,W,QBS,4,1
,,,SPC,0,47
,15210,W,QBS,3,1
,,,QCS,2,13
,,,,3,6
,,,,4,1
,,,,5,1
,,,QIS,4,1
,15251,2,QCS,1,2
,,,,2,14
,,,,3,6
,,,QIS,2,1
,,W,QCS,1,2
,,,,2,14
,,,,3,6
,,,QIS,2,1
,15282,W,QCS,1,9
,,,,2,2
,,,,3,1
,,,,4,1
,,,QIS,4,1
,,,SPC,0,1
,15316,W,QCS,2,1
,,,,3,8
,,,,4,6
,,,QIS,4,1
,15440,2,QBS,5,1
,,,QCS,3,7
,,,,4,7
,,,,5,1
,,W,QBS,5,1
,,,QCS,3,7
,,,,4,7
,,,,5,1
,15455,W,QCS,3,1
,,,,4,4
,15591,W,QCS,2,1
,,X,QCS,3,2
,,Y,QCS,2,1
,16311,2,QCS,2,5
,,,,3,1
,,,,5,1
,,,SPC,0,2
,,W,QCS,2,5
,,,,3,1
,,,,5,1
,,,SPC,0,2
,18399,W3,QCS,2,1
,21112,W,QBA,1,12
,,,QIS,1,8
,,X,QBA,1,22
,,,QIS,1,10
,,,,2,1
,,,,5,1
,,,SPC,0,1
,21120,W,QBA,1,1
,,,QBS,1,3
,,,QIS,5,1
,21122,W,QBS,1,1
,,,QCS,1,14
,21127,W,QBA,2,1
,,,QCS,1,6
,,,,2,1
,,,QIS,1,1
,21301,W,QBS,5,1
,,,QCS,2,1
,,,,3,4
,,,,4,1
,21355,W,QCS,1,1
,,,,2,1
,,,,3,4
,,,,4,2
,33122,2,QBS,2,10
,,,,3,1
,,,,4,2
,,,QCS,3,3
,,,,4,1
,,W,QBS,2,10
,,,,3,1
,,,,4,2
,,,QCS,3,3
,,,,4,1
,33124,W,QBA,2,1
,,,,4,1
,,,QCS,2,1
,,,QIS,2,3
,,,,3,2
,,,,4,3
,,,SPC,0,3
,36200,W,QBA,1,5
,,,QBS,4,2
,,,QCS,2,1
,,,,3,1
,,,,4,1
,,,QIS,1,7
,,,,2,17
,,,,3,4
,,,SPC,0,1
,36218,W,QCS,1,6
,,,,2,10
,,,,3,1
,,,QIS,2,1
,38110,W,QBS,3,4
,,,,4,1
,38220,W,QBS,4,1
,38230,W3,QBS,2,15
,,,,4,1
,,,,5,1
,38301,W,QBS,3,10
,51240,W3,QBA,1,1
,,,,2,1
,,,QCS,2,1
,,,QIS,2,2
,,,,3,3
,,,,4,2
,51252,W4,QBA,2,1
,,,,3,1
,,,QBS,4,2
,,,QCS,2,2
,,,QIS,2,2
,,,,3,3
,,,,4,3
,,,SPC,0,1
,51256,W4,QBA,1,1
,,,,2,1
,,,QCS,2,1
,,,QIS,2,3
,,,,3,4
,,,,4,3
,57210,W4,QBS,2,1
,,,,4,1
,,,QCS,2,1
,,,QIS,2,1
,,,,3,3
,,,,4,2
,57395,W4,QBA,2,1
,,,QCS,1,1
,,,QIS,2,1
,,,,3,2
,,,,4,2
,66181,W,QBA,1,1
,,,QIS,1,31
,67250,W,QIS,1,20
,,X,QBA,1,2
,,,,2,1
,,,QCS,2,1
,,,QIS,1,11
,,,,2,4
,,,,4,1
,67272,4,QBA,3,2
,,,,5,1
,,,QCS,3,1
,,,,4,1
,,,QIS,2,22
,,,,3,13
,,,,4,4
,,,,5,1
,,W,QBA,3,1
,,,QIS,2,5
,,,,3,6
,,,,4,3
,,,,5,1
,,X,QCS,3,1
,,,,4,1
,,,QIS,2,9
,,,,3,2
,,,,4,1
,,Z,QBA,3,1
,,,,5,1
,,,QIS,2,8
,,,,3,5
,67313,W,QCS,4,1
,,,QIS,2,1
,,,,3,4
,,,,4,13
,67318,W,QIS,3,1
,,,,4,5
,67373,W,QIS,3,6
,,,,4,11
,67380,W,QCS,4,1
,,,QIS,2,3
,,,,3,10
,,,,4,12
,67382,W,QBA,2,1
,,,,3,1
,,,QIS,2,1
,,,,3,9
,,,,4,7
,,X,QBA,1,4
,,,,3,1
,,,QCS,3,1
,,,QIS,2,3
,,,,3,1
,70201,W,QBA,3,10
,,,,4,12
,70207,W,QBA,1,35
,,,,2,1
,,,QIS,1,2
,,,,2,3
,,,SPC,0,1
,70208,W,QBA,2,46
,,,,3,2
,,,QIS,2,2
,,,,3,4
,,,,4,1
,70257,W,BUS,4,1
,,,QBA,1,2
,,,,2,30
,,,,3,4
,,,,5,1
,,,QIS,1,1
,70311,W,QBA,1,2
,,,,2,13
,,,,4,1
,,,QBS,4,1
,,,QCS,2,1
,,,,4,1
,,,QIS,2,1
,,,,4,1
,,,SPC,0,1
,70332,W,BUS,3,2
,,,,4,1
,,,QBA,3,9
,,,QBS,3,1
,,,QCS,3,2
,,,,4,1
,,,QIS,3,5
,,,,4,9
,,,,5,1
,70342,W,BUS,3,1
,,,QBA,3,10
,,,,4,2
,,,,5,1
,,,QBS,4,1
,,,QIS,3,4
,,,,4,3
,70345,W,QBA,3,14
,,X,BUS,3,1
,,,QBA,3,11
,,,,5,1
,70371,W,BUS,3,2
,,,QBA,2,9
,,,,3,4
,,,QCS,3,1
,70374,W,QBA,3,7
,,,,4,2
,,,QCS,4,1
,,,QIS,3,1
,,,,4,2
,70381,W,QBA,2,12
,,,,3,10
,,,QCS,4,1
,,,QIS,3,1
,,,SPC,0,1
,70391,W,QBA,2,12
,,,,3,4
,,,QCS,2,1
,,,,4,1
,70398,W,QBA,3,5
,,,,4,1
,70401,W,BUS,4,1
,,,QBA,3,1
,,,,4,21
,,,,5,1
,70416,W,QBA,3,3
,,,,4,5
,,,QIS,4,1
,70417,W,QBA,3,10
,,,,4,6
,,,QIS,3,4
,,,,4,3
,,,,5,1
,70438,W,BUS,3,1
,,,QBA,1,1
,,,,2,4
,,,,3,2
,,,,4,2
,70443,W,BUS,3,1
,,,QBA,2,10
,,,,3,2
,,,QBS,4,1
,,,QCS,4,3
,,,QIS,3,1
,,,,4,2
,,,SPC,0,8
,70481,W,QBA,3,2
,,,,4,5
,70492,W,BUS,3,1
,,,QBA,3,5
,,,SPC,0,1
,70494,W,QBA,2,4
,,,,4,2
,70501,W,QBA,4,1
,70503,W,QBA,4,1
,73065,W4,QBA,2,2
,,,QCS,1,1
,,,,2,2
,,,QIS,1,1
,,,,4,1
,,,SPC,0,1
,73102,W,QBA,1,19
,,,,2,4
,,,QCS,3,2
,,,,4,1
,,,,5,1
,,,QIS,1,1
,,,,2,2
,,X,QBA,1,15
,,,,5,1
,,,QCS,2,4
,,,,3,2
,,,,4,3
,,,QIS,1,1
,,,,2,2
,,,,3,1
,,,SPC,0,1
,73230,W,BUS,3,1
,,,,4,1
,,,QBA,2,37
,,,,3,4
,,,,4,1
,73365,W,QBA,3,12
,,,,4,6
,73421,W,QBA,2,2
,,,,3,7
,,,,4,6
,,,,5,1
,76101,W,QBA,1,2
,,,QCS,1,5
,,,QIS,1,5
,,WW,QBA,1,5
,,,QBS,1,4
,,,QCS,1,1
,,,QIS,1,4
,,X,QBA,1,2
,,,QBS,1,4
,,,QCS,1,2
,,,QIS,1,7
,,Y,QBA,1,5
,,,QBS,1,1
,,,QCS,1,5
,,YY,QBA,1,8
,,,QIS,1,4
,,Z,QBA,1,6
,,,QBS,1,4
,,,QCS,1,3
,,,QIS,1,2
,76253,W4,QBA,2,1
,,,,3,1
,,,QBS,2,1
,,,,4,2
,,,QCS,4,1
,,,QIS,2,2
,,,,3,2
,,,,4,1
,,,SPC,0,2
,76270,W,QBA,2,1
,,,,3,1
,,,QBS,3,1
,,,QCS,2,2
,,,,3,1
,,,,4,2
,,,QIS,2,5
,,,,4,3
,76390,W,QBA,4,1
,,,QBS,4,3
,,,QIS,3,1
,,,,4,1
,79104,W,QBA,1,9
,,,,2,1
,,,QBS,2,2
,,,QCS,1,1
,,,,2,1
,,,QIS,1,3
,,,,2,4
,79237,W,QBA,1,7
,,,,2,2
,,,,3,2
,,,,4,1
,,,QBS,3,1
,,,,4,2
,,,QCS,1,2
,,,QIS,3,2
,79391,X,QBA,2,3
,,,,3,5
,,,QBS,4,1
,,,QCS,1,5
,,,,2,1
,,,QIS,2,3
,,,,3,1
,,,,4,2
,,,SPC,0,1
,79393,W,QBA,1,1
,,,QBS,1,4
,,,QCS,1,4
,,,,2,1
,,,,3,1
,,,QIS,1,1
,,,,2,1
,,,,3,1
,,,,4,1
,,,SPC,0,1
,79453,W4,QIS,1,1
,,,,3,2
,,,,4,1
,79465,W,QBA,2,3
,,,,4,5
,,,QBS,4,2
,,,QCS,4,1
,,,QIS,4,8
,79491,WW,QBA,2,1
,80249,W,QBA,4,5
,,,QBS,4,2
,,,,5,1
,,,QCS,3,1
,,,,4,2
,,,QIS,3,6
,,,,4,7
,,,,5,2
,82103,W,QBA,1,1
,,,QBS,1,6
,,,,3,1
,,,,4,1
,,,QCS,2,1
,,,,5,1
,,,QIS,1,3
,,,,2,1
,,,,4,2
,,,SPC,0,2
,,X,QBA,1,1
,,,,2,6
,,,QBS,3,1
,,,,5,1
,,,QIS,2,10
,,,,4,1
,82104,W,QBS,4,1
,,,QIS,1,1
,,,,2,1
,,,,3,1
,,,,4,2
,,,SPC,0,1
,82142,W,QBS,4,4
,,,QCS,2,1
,,,QIS,2,1
,,,,3,1
,82201,W,QBA,2,2
,,,QIS,3,1
,82242,W,QCS,1,1
,,,QIS,4,1
,82413,W,QBA,4,1
,,,QBS,1,1
,,,QCS,2,1
,,,QIS,3,1
,82449,W,QBA,2,1
,,,QCS,1,2
,,,QIS,2,4
,,,,3,2
,,,,4,1
,85219,W,QBA,1,1
,,,,2,5
,,,QBS,3,1
,,,,4,1
,,,QCS,1,3
,,,,2,1
,,,,3,1
,,,,4,1
,,,QIS,1,1
,,,,2,3
,,,SPC,0,3
,85241,W,QBA,1,16
,,,,3,1
,,,QBS,1,2
,,,,3,1
,,,,4,1
,,,QCS,1,8
,,,,2,6
,,,,3,1
,,,QIS,1,3
,,,,2,3
,,,SPC,0,4
,85310,W,QBA,4,1
,,,QCS,3,1
,,,,4,1
,,,QIS,3,3
,85342,W4,QBS,3,2
,,,,4,2
,,,QIS,4,3
,85406,W,QBA,2,1
,,,,3,3
,,,QBS,3,1
,,,QCS,2,1
,,,,3,3
,,,,4,1
,,,QIS,2,4
,,,,3,3
,85508,W,QBA,4,1
,95414,W4,AIT,10,1
,,,QBS,4,1
,,,QCS,2,1
,,,,4,2
,,,QIS,1,1
,,,,3,1
,,,,4,1
,98000,W,QBA,2,2
,,,QBS,2,1
,,,,4,2
,,,QCS,2,1
,,,,3,1
,,,QIS,1,2
,98030,W3,QBA,1,3
,,,,2,6
,,,QBS,1,1
,,,,2,1
,,,,3,1
,,,QIS,3,2
,98153,W4,QBS,1,1
,,,QCS,1,2
,,,QIS,1,3
,,,,3,3
,,,,4,2
,98160,W4,QBA,1,1
,,,QBS,1,1
,,,,2,3
,,,QCS,1,1
,,,,2,1
,,,QIS,3,1
,,,,4,3
,,,,5,1
,98175,W3,QBS,1,1
,,,,2,2
,,,,4,1
,,,QCS,1,3
,,,QIS,3,1
,98191,W3,BUS,3,1
,,,QBA,2,2
,,,,3,1
,,,QBS,2,3
,,,QIS,2,1
,,,,3,2
,,,,4,2
,98240,W3,QBA,1,1
,,,,2,2
,,,,3,2
,,,,4,1
,,,QBS,3,3
,,,,4,3
,,,QCS,3,3
,,,,4,3
,,,QIS,3,4
,,,,4,10
,99262,W3,QBA,2,1
,,,,4,2
,,,QBS,2,1
,,,QIS,3,2
,QC211,2,QBS,2,13
,,,,3,3
,,W,QBS,2,13
,,,,3,3
,QG370,W,QBA,2,1
,QV281,W,QIS,3,1
,QV477,W,QIS,3,2
S23,2250,2,QBS,3,14
,,,,4,4
,,W,QBS,3,14
,,,,4,4
,3117,W,QBS,1,20
,3119,W3,QBA,4,1
,,,QBS,2,5
,,,,3,2
,,,,4,2
,,,QCS,4,1
,,W4,QBA,2,1
,,,,4,1
,,,QBS,1,8
,,,,3,4
,,,,4,4
,,,QCS,2,1
,3128,W,QBS,1,10
,,,,2,1
,,,,4,1
,3202,W,QBS,2,11
,,,,4,2
,3230,2,QBS,3,4
,,,,4,1
,,W,QBS,3,4
,,,,4,1
,3232,2,QBS,2,13
,,W,QBS,2,13
,3240,2,QBS,2,13
,,,,3,1
,,,,4,1
,,W,QBS,2,13
,,,,3,1
,,,,4,1
,3290,W4,QBS,2,2
,3344,2,QBS,3,11
,,,,4,3
,,W,QBS,3,11
,,,,4,3
,3362,W,QBS,3,3
,,,,4,7
,,,QCS,3,2
,,,,4,1
,3412,W,QBS,3,13
,,,,4,2
,3442,W,QBS,3,8
,,,,4,4
,,,QCS,4,1
,3445,2,QBS,2,1
,,,,3,6
,,,,4,2
,,WW,QBS,2,1
,,,,3,1
,,XX,QBS,3,2
,,Y,QBS,3,1
,,YY,QBS,3,1
,,Z,QBS,3,1
,,,,4,2
,3545,2,QBS,4,12
,,W,QBS,4,12
,5897,W,QCS,3,1
,,,,5,1
,,,QIS,2,11
,,,,3,6
,,X,QBA,2,1
,,,QIS,2,11
,,,,3,1
,,,,4,2
,7599,W,QCS,4,2
,9106,W,QBS,1,20
,,,,4,1
,,,QCS,1,1
,9114,W4,QBS,1,4
,,,,3,2
,,,,4,2
,,,QCS,2,1
,,,QIS,3,1
,,,,4,1
,9218,W,QBS,2,9
,,,,3,2
,,,,4,4
,11411,W,QCS,3,1
,,,,4,5
,,,,5,1
,15110,3,QBA,1,1
,,,,2,1
,,,,4,1
,,,QBS,1,18
,,,,2,4
,,W,QBA,1,1
,,,,2,1
,,,,4,1
,,,QBS,1,18
,,,,2,4
,15112,W,QBA,1,3
,,,,2,2
,,,,4,1
,,,QBS,1,1
,,,,2,1
,,,QCS,1,5
,,,,2,1
,,,QIS,1,22
,,,,2,4
,,,SPC,0,1
,15122,3,QCS,1,28
,,,,2,3
,,,QIS,1,1
,,,,2,1
,,,,3,1
,,,SPC,0,1
,,W,QCS,1,28
,,,,2,3
,,,QIS,1,1
,,,,2,1
,,,,3,1
,,,SPC,0,1
,15182,W,QBS,4,1
,,,QCS,4,1
,,,QIS,2,4
,,,,3,1
,,,SPC,0,1
,15210,W,QCS,2,17
,,,,3,2
,,,,4,1
,,,QIS,2,1
,,,,3,1
,15251,2,QCS,1,1
,,,,2,17
,,W,QCS,1,1
,,,,2,17
,15288,W,QBS,4,1
,,,QCS,1,11
,,,,2,1
,,,,4,1
,,,QIS,2,4
,,,,3,5
,,,,4,1
,15316,W,QCS,2,1
,,,,3,2
,,,,4,7
,,,,5,2
,15330,W,QCS,2,1
,,,,3,9
,,,,4,12
,,,,5,1
,,,QIS,3,1
,15441,W,QCS,2,1
,,,,3,3
,,,,4,3
,,,QIS,3,1
,15455,W,QCS,4,1
,,,,5,1
,15591,W,QCS,2,1
,,,,4,4
,17437,1,QCS,2,3
,,,,4,4
,,W,QCS,2,3
,,,,4,4
,21111,W,QBA,1,2
,,,QBS,1,2
,,,QIS,1,2
,,,,2,1
,21112,W,QBA,1,12
,,,QIS,1,10
,,X,QBA,1,10
,,,QBS,1,3
,,,QIS,1,13
,,,,3,1
,21122,W,QBA,1,2
,,,QCS,1,16
,,,,2,1
,21127,W,QBA,1,1
,,,,2,1
,,,QCS,1,16
,,,,2,1
,,,QIS,1,1
,,,,2,2
,21301,W,QCS,4,1
,,,,5,1
,21355,W,QCS,2,1
,,,,3,2
,,,SPC,0,1
,21441,W,QCS,1,1
,,,,4,1
,33104,W,QCS,1,1
,,,,3,3
,,,,4,1
,,,,5,1
,33122,2,QBS,2,8
,,,,4,6
,,,QCS,3,2
,,W,QBS,2,8
,,,,4,6
,,,QCS,3,2
,33124,W,QBA,3,4
,,,QIS,2,4
,,,,3,4
,,,,4,2
,,,SPC,0,2
,36200,W,QBA,1,1
,,,QBS,1,3
,,,,4,1
,,,QCS,1,1
,,,,2,2
,,,,3,1
,,,,4,1
,,,QIS,1,5
,,,,2,15
,,,,3,6
,,,,5,2
,,,SPC,0,2
,36218,W,QCS,1,13
,,,,2,14
,,,,4,1
,,,QIS,2,1
,38110,W,QBS,3,11
,38230,W3,QBS,2,12
,,,,4,1
,38301,W,QBS,3,10
,,,,4,2
,48369,W3,BUS,3,1
,,,CEE,10,1
,,,QBS,4,1
,,,QCS,1,1
,,,,2,1
,,,QIS,3,3
,,,,4,3
,51215,W4,CMQ,4,1
,,,QBA,1,1
,,,,2,1
,,,,4,1
,,,QBS,4,1
,,,QCS,4,2
,,,QIS,3,4
,,,,4,6
,66181,W,QBS,1,1
,,,QCS,1,2
,,,,2,2
,,,,3,1
,,,QIS,1,26
,,,,2,4
,66502,W,QIS,4,1
,,X,QIS,4,1
,,Y,QIS,4,2
,,Z,QIS,4,1
,67250,W,QCS,1,1
,,,,2,1
,,,,4,1
,,,QIS,1,17
,,,,2,2
,,,,3,1
,,,,5,1
,,X,QBA,2,2
,,,,3,1
,,,QBS,1,1
,,,,2,1
,,,QCS,3,1
,,,QIS,1,10
,,,,2,2
,67272,4,QIS,2,25
,,,,3,13
,,,,4,1
,,,,5,2
,,W,QIS,2,10
,,,,3,8
,,,,5,1
,,X,QIS,2,15
,,,,3,5
,,,,4,1
,,,,5,1
,67313,W,CMQ,4,1
,,,QBA,3,2
,,,QIS,3,13
,,,,4,3
,67367,W,CMQ,4,1
,,,QBA,4,2
,,,QCS,4,1
,,,QIS,3,3
,,,,4,11
,67373,W,QBA,4,1
,,,QIS,3,19
,,,,4,9
,67382,W,QIS,3,12
,,,,4,8
,,X,QBA,2,1
,,,QCS,4,1
,,,QIS,2,3
,,,,3,12
,,,,4,1
,67390,W,QIS,3,1
,67443,W,QCS,4,1
,,,QIS,5,2
,70050,W,QBA,3,1
,70201,W,QBA,3,13
,,,,4,25
,,,,5,2
,70207,W,QBA,1,28
,,,QIS,2,6
,,,SPC,0,3
,70257,W,QBA,1,2
,,,,2,23
,,,,3,2
,,,,5,1
,70332,W,BUS,3,1
,,,QBA,2,1
,,,,3,14
,,,,4,3
,,,QBS,4,1
,,,QCS,4,2
,,,QIS,4,1
,,,,5,1
,70340,W,QBA,2,17
,,,,4,1
,,X,QBA,2,17
,,,,3,1
,70344,W4,QBA,1,2
,,,QCS,4,1
,,,QIS,2,4
,,,,3,2
,,,,4,2
,,,SPC,0,1
,70345,W,QBA,3,11
,,,,4,8
,70371,W,BUS,3,1
,,,QBA,2,7
,,,,3,16
,,,,4,1
,,,QIS,2,1
,,,,4,1
,70374,W,QBA,3,7
,,,,4,5
,,,QIS,4,1
,70381,W,QBA,2,6
,,,,3,2
,,,QBS,3,1
,,,,4,1
,,,QCS,1,1
,,,,2,7
,,,,3,1
,,,QIS,2,1
,,,,4,2
,,,SPC,0,7
,70385,W,BUS,3,1
,,,QBA,3,8
,,,,4,2
,,,QIS,3,1
,,,,5,1
,,,SPC,0,2
,70391,W,QBA,2,21
,,,,3,7
,,,QIS,3,1
,70398,W,QBA,3,2
,,,,4,1
,70401,W,QBA,4,34
,70416,W,QBA,3,8
,,,,4,6
,,,,5,1
,,,QCS,4,1
,70417,W,CMQ,4,1
,,,QBA,3,7
,,,,4,1
,,,QCS,3,1
,,,,4,1
,,,QIS,4,2
,,,SPC,0,2
,70422,W,QBA,2,2
,,,,3,2
,,,,4,1
,70438,W,QBA,3,6
,,,,4,2
,70462,W,QBA,3,10
,,,,4,7
,,,QIS,3,2
,,,,4,1
,70469,W,QBA,3,7
,,,,4,1
,70481,W,QBA,3,6
,,,,4,2
,70492,W,QBA,3,4
,,,,4,5
,70501,W,QBA,4,1
,73102,W,QBA,1,31
,,,,2,10
,,,,3,1
,,,QBS,3,1
,,,,4,1
,,,QCS,1,4
,,,,2,1
,,,QIS,2,1
,,,,3,2
,,,,4,3
,,,SPC,0,1
,73230,W,QBA,2,23
,,,,3,3
,,,,4,3
,,,QIS,3,1
,73347,W,QBA,3,5
,,,,4,11
,73421,W,QBA,3,3
,,,,4,7
,,,,5,1
,76101,W,QBA,1,7
,,,QBS,1,2
,,,QIS,1,5
,,WW,QBA,1,2
,,,,2,1
,,,QBS,1,5
,,,QCS,1,3
,,,QIS,1,5
,,X,QBA,1,9
,,,QBS,1,4
,,,QIS,1,3
,,XX,QBA,1,3
,,,,2,1
,,,QBS,1,2
,,,QCS,1,7
,,,QIS,1,3
,,YY,QBA,1,4
,,,QBS,1,2
,,,QCS,1,12
,,Z,QBA,1,3
,,,QBS,1,2
,,,QCS,1,5
,,,QIS,1,6
,76270,Y,QCS,1,1
,,,,2,9
,,,,4,3
,,,QIS,1,1
,,,,4,1
,76304,W,QBA,2,1
,,,QIS,2,1
,,,,3,1
,76328,W,QBS,4,1
,,,QCS,1,15
,,,,3,1
,76332,W,QBS,4,1
,,,QCS,4,1
,76389,W,QBA,1,1
,,,,3,1
,,,QCS,3,1
,,,QIS,3,1
,79104,W,QBA,1,6
,,,,2,1
,,,QCS,2,1
,,,,3,3
,,,QIS,1,2
,,,,2,1
,79293,W,QBA,2,1
,,,,3,2
,,,QCS,1,2
,,,,2,2
,,,,3,5
,,,QIS,2,7
,,,,3,2
,,,,4,2
,,,SPC,0,1
,79378,W,CMQ,4,1
,,,QBA,2,1
,,,,3,3
,,,,4,1
,,,QCS,3,1
,,,QIS,3,13
,,,,4,5
,,,,5,1
,,,SPC,0,3
,79391,W,QBA,2,1
,,,,3,2
,,,,4,9
,,,QBS,4,1
,,,QCS,1,2
,,,QIS,3,4
,,,,4,9
,,,,5,1
,79452,W3,CMQ,4,1
,,,QBA,2,1
,,,,3,1
,,,QBS,1,1
,,,,3,1
,,,,4,2
,,,QIS,3,3
,,,,4,2
,,,SPC,0,1
,79454,W3,QBA,4,1
,,,SPC,0,1
,79465,W,QBA,4,3
,,,QBS,4,5
,,,QCS,4,9
,,,QIS,4,4
,79491,W,QBA,2,1
,,,QBS,4,1
,,WW,QBA,4,1
,80130,W,BUS,3,1
,,,QBA,1,2
,,,,3,4
,,,,4,1
,,,QBS,4,1
,,,QCS,1,2
,,,QIS,2,3
,,,,3,4
,,,,4,3
,82103,W,QBA,1,2
,,,,2,8
,,,,4,2
,,,QBS,1,6
,,,,4,1
,,,QCS,1,3
,,,,2,1
,,,,4,1
,,,QIS,2,5
,,,,4,2
,,,SPC,0,1
,82104,W,QBA,2,2
,,,QBS,4,2
,,,QCS,4,1
,,,QIS,2,1
,,,,3,1
,,,,4,1
,82142,W,QBA,1,1
,,,QIS,2,1
,,,,3,2
,,,SPC,0,5
,,X,QBA,2,3
,,,QBS,3,1
,,,,4,1
,,,QCS,2,3
,,,QIS,2,1
,,,,4,1
,,,SPC,0,2
,82201,W,QBA,2,1
,,,QIS,2,1
,,,,4,1
,,,SPC,0,2
,82242,W,QCS,3,1
,,,QIS,4,1
,,,SPC,0,1
,82277,W,QBA,1,2
,,,QCS,1,2
,,,QIS,2,1
,,,,3,1
,,,,4,1
,82313,W,QBA,1,1
,,,QBS,4,1
,,,QCS,1,1
,,,,2,1
,,,QIS,4,1
,82314,W,QBA,1,1
,,,,2,5
,,,QBS,4,1
,,,QCS,2,2
,,,QIS,2,1
,,,,3,3
,,,,4,1
,,,,5,1
,,,SPC,0,1
,85120,W3,QBA,1,1
,,,QBS,4,2
,,,QCS,1,1
,,,,3,1
,,,QIS,4,1
,85219,W,QBA,2,1
,,,,3,1
,,,QBS,3,3
,,,QCS,2,3
,,,,3,3
,,,,4,1
,,,QIS,2,6
,85241,W,QBA,1,13
,,,,2,2
,,,,3,1
,,,QBS,1,1
,,,QCS,4,3
,,,QIS,1,1
,,,,4,2
,,,SPC,0,2
,85310,W,QBA,3,1
,,,,4,8
,,,QIS,3,1
,85406,W,QBA,2,2
,,,,3,2
,,,,4,4
,,,QBS,4,1
,,,QCS,3,1
,,,QIS,3,2
,,,,4,1
,98000,W,QBS,4,2
,,,QCS,4,1
,,,QIS,4,2
,98197,W3,QBS,1,1
,,,QIS,3,7
,,,,4,1
,98238,W4,QBA,1,2
,,,QBS,4,3
,,,QIS,4,1
,98240,W3,QBA,2,1
,,,,4,2
,,,QBS,1,1
,,,QCS,2,1
,,,,3,1
,,,,4,5
,,,QIS,2,1
,,,,4,3
,98318,W3,QBA,2,2
,,,QBS,2,1
,,,,4,2
,,,QCS,4,4
,,,QIS,2,1
,,,,4,1
,99262,W3,QBA,1,1
,,,,2,1
,,,,3,1
,,,,4,1
,,,QBS,4,2
,,,QIS,2,10
,,,,3,5
,,,,4,2
,QC211,2,QBS,2,11
,,,,3,1
,,,,4,3
,,W,QBS,2,11
,,,,3,1
,,,,4,3
,QG102,W,QBA,5,1
,QG108,W,QCS,2,1
,QG122,W,QIS,4,1
,QG208,W,QIS,3,1
,QT117,W,QCS,4,1
,QT216,W,QBA,3,1
S24,2250,2,QBS,3,9
,,,,4,1
,,,,5,1
,,W,QBS,3,9
,,,,4,1
,,,,5,1
,2251,2,QCS,2,5
,,,,3,4
,,W,QCS,2,5
,,,,3,4
,3117,W,QBS,1,9
,3119,W4,QBS,1,4
,,,,2,2
,,,,3,1
,,,,4,2
,,,STA,3,1
,,X4,QBA,3,1
,,,QBS,1,2
,,,,2,2
,,,,3,1
,,,,4,2
,,,QCS,1,2
,,,,3,1
,3202,W,QBS,2,16
,,,,3,1
,3230,2,QBS,1,1
,,,,2,3
,,,,3,2
,,,,4,1
,,W,QBS,1,1
,,,,2,3
,,,,3,2
,,,,4,1
,3232,2,QBS,2,15
,,,SPC,0,1
,,W,QBS,2,15
,,,SPC,0,1
,3240,2,QBS,2,16
,,,,3,2
,,W,QBS,2,16
,,,,3,2
,3290,W4,QBS,2,7
,,,,3,2
,3344,2,QBS,3,10
,,,,4,4
,,W,QBS,3,10
,,,,4,4
,3363,W,QBS,3,2
,,,,4,6
,,,,5,2
,,,QCS,2,1
,,,,3,1
,,,,4,2
,3412,W,QBS,3,8
,,,,4,1
,3442,W,QBS,3,3
,,,,4,2
,3445,2,QBS,3,8
,,,,4,3
,,W,QBS,3,3
,,X,QBS,3,2
,,,,4,1
,,Y,QBS,3,1
,,Z,QBS,3,2
,,,,4,2
,3545,2,QBS,4,7
,,W,QBS,4,7
,5897,W,QIS,2,17
,,,,3,4
,,X,ISP,2,1
,,,QCS,2,1
,,,QIS,1,2
,,,,2,3
,,,,3,6
,,,,4,1
,7599,W,QCS,4,1
,,,QIS,4,1
,9101,24,QCS,1,1
,,,,2,3
,,,,3,2
,,W4,QCS,1,1
,,,,2,3
,,,,3,2
,9106,W,QBS,1,12
,,,,2,1
,,,SPC,0,1
,9111,W,QBA,4,5
,,,QCS,2,1
,,,,3,3
,,,,4,4
,,,QIS,4,2
,,,SPC,0,1
,9122,1,QBS,1,4
,,,,2,2
,,W,QBS,1,4
,,,,2,2
,9218,W,QBS,2,13
,,,,3,3
,,,,5,2
,,,SPC,0,1
,11411,W,QCS,2,1
,,,,3,2
,,,QIS,2,1
,,,,3,2
,14315,W3,QBA,2,1
,,,QBS,2,1
,,,QCS,1,3
,,,,2,5
,,,QIS,1,2
,,,,2,1
,,,,4,3
,15110,3,QBA,1,1
,,,,3,1
,,,QBS,1,10
,,W,QBA,1,1
,,,,3,1
,,,QBS,1,10
,15112,W,QBS,1,1
,,,QCS,1,3
,,,QIS,1,23
,,,,2,1
,,,SPC,0,2
,15122,3,ECE,2,1
,,,QBA,2,1
,,,,3,1
,,,QCS,1,27
,,,,2,5
,,,QIS,1,4
,,,,2,1
,,W,ECE,2,1
,,,QBA,2,1
,,,,3,1
,,,QCS,1,27
,,,,2,5
,,,QIS,1,4
,,,,2,1
,15210,W,QCS,2,21
,,,,3,4
,,,,4,1
,,,QIS,4,1
,15251,2,CS,2,1
,,,QCS,1,1
,,,,2,25
,,,,3,3
,,,QIS,4,1
,,W,CS,2,1
,,,QCS,1,1
,,,,2,25
,,,,3,3
,,,QIS,4,1
,15288,W,QBA,3,1
,,,QCS,1,6
,,,,4,1
,,,QIS,2,1
,,,,3,8
,,,SPC,0,3
,15316,W,QCS,3,6
,,,,4,6
,15356,W,QCS,3,2
,,,SPC,0,3
,15441,W,QCS,4,5
,15591,W,QBS,4,1
,,,QCS,2,2
,,,,3,1
,,,,4,1
,,,QIS,4,2
,21111,W,QBA,1,8
,,,,2,3
,,,QBS,1,1
,,,QIS,1,3
,21112,W,QBA,1,12
,,,,2,1
,,,QBS,1,1
,,,QIS,1,7
,,X,QBA,1,16
,,,QCS,2,1
,,,QIS,1,8
,,,,4,1
,21122,W,QBS,1,2
,,,,4,1
,,,QCS,1,18
,,,,2,3
,,,SPC,0,2
,21127,W,QBA,2,1
,,,QCS,1,20
,,,,2,1
,,,QIS,1,2
,,,,2,1
,21150,W,QBS,4,1
,,,QCS,2,5
,,,,3,2
,,,,4,1
,,,QIS,1,1
,,,,3,4
,21301,W,QCS,2,1
,,,,3,1
,,,,4,2
,,,SPC,0,1
,21355,W,QCS,2,1
,,,,5,1
,33104,W,ECE,2,1
,,,QBA,4,1
,,,QCS,2,1
,,,,3,7
,,,,4,4
,,,QIS,4,1
,33122,2,QBS,2,13
,,,,3,1
,,,,4,4
,,,,5,1
,,,QCS,4,3
,,,,5,1
,,W,QBS,2,13
,,,,3,1
,,,,4,4
,,,,5,1
,,,QCS,4,3
,,,,5,1
,36200,W,QBA,2,1
,,,QCS,1,1
,,,,2,2
,,,QIS,1,6
,,,,2,18
,,,,3,2
,,,SPC,0,2
,36218,W,CS,2,1
,,,QCS,1,4
,,,,2,8
,,,,3,2
,,,QIS,4,1
,38110,W,QBS,3,3
,,,,5,1
,38220,W,QBS,3,1
,38230,W3,QBS,2,17
,,,,3,2
,38301,W,QBS,3,3
,,,,5,1
,57214,W4,CMQ,5,1
,,,QBA,1,1
,,,,2,3
,,,,4,1
,,,QBS,1,1
,,,,2,1
,,,,4,4
,,,QCS,1,2
,,,QIS,2,2
,,,,3,5
,,,,4,5
,,,,5,1
,66182,W,QIS,1,28
,,,,2,1
,66502,W,QIS,4,1
,,Y,QIS,4,1
,67235,W4,ISP,2,1
,,,QBA,1,1
,,,QBS,4,2
,,,QCS,3,2
,,,QIS,3,3
,,,,4,2
,67250,W,QCS,1,1
,,,QIS,1,19
,,X,QBA,2,1
,,,QCS,1,1
,,,,2,3
,,,QIS,1,12
,,,,2,1
,67272,4,ISP,2,1
,,,QBA,4,1
,,,QIS,2,23
,,,,3,11
,,,,4,2
,,,,5,1
,,,SPC,0,3
,,W,ISP,2,1
,,,QBA,4,1
,,,QIS,2,8
,,,,3,9
,,,,4,1
,,,SPC,0,2
,,X,QIS,2,15
,,,,3,2
,,,,4,1
,,,,5,1
,,,SPC,0,1
,67313,W,QBA,4,1
,,,QIS,2,5
,,,,3,8
,,,,4,6
,67373,W,QIS,3,24
,,,,4,14
,,,,5,3
,67380,W,QBA,2,1
,,,,4,1
,,,QCS,2,2
,,,QIS,2,5
,,,,3,14
,,,,4,7
,67425,W,QIS,4,6
,67426,W,QIS,4,1
,67427,W,QIS,3,2
,,,,4,6
,67474,W,QBA,4,3
,,,QIS,4,21
,,,,5,3
,70104,W4,QBA,1,40
,,,,2,1
,,,,3,1
,,,QCS,1,2
,,X4,QBA,2,31
,70122,W,QBA,1,16
,,,QCS,1,1
,,,,3,1
,,,,4,1
,,,QIS,2,1
,,,SPC,0,1
,70201,W,QBA,3,34
,,,,4,31
,,,,5,3
,70207,W,QBA,1,39
,,,,2,2
,,,QIS,2,2
,,,SPC,0,1
,70245,W4,CMQ,5,1
,,,QBA,1,1
,,,,2,4
,,,,4,1
,,,QBS,2,1
,,,,3,2
,,,,4,2
,,,QCS,1,2
,,,,2,3
,,,QIS,2,1
,,,,4,2
,,,,5,1
,,,SPC,0,1
,70246,W4,QBS,4,1
,70257,W,QBA,1,2
,,,,2,23
,,,,3,7
,,,,4,1
,70311,W,QBA,2,14
,,,,3,6
,,,,4,1
,,,QBS,3,2
,,,QCS,2,7
,70332,W,ECE,2,1
,,,QBA,2,6
,,,,3,3
,,,,4,2
,,,QBS,4,1
,,,QCS,3,1
,,,,4,3
,,,QIS,3,2
,,,,4,1
,70341,W,QBA,2,5
,,,,3,3
,,,,4,10
,,,,5,1
,70345,W,QBA,3,16
,,X,QBA,3,5
,,,,4,6
,70371,W,QBA,2,10
,,,,3,8
,,,QIS,3,2
,,,,4,2
,70374,W,QBA,2,1
,,,,3,2
,,,,4,3
,,,QCS,3,1
,,,QIS,3,3
,,,,4,3
,70381,W,QBA,2,22
,,,,3,7
,,,QIS,4,2
,70385,W,QBA,3,7
,,,,4,5
,,,QCS,3,1
,,,SPC,0,2
,70387,W,QBA,2,7
,,,,3,2
,,,,4,5
,,,QIS,2,1
,,,,3,2
,,,,4,2
,70388,W,QBA,3,12
,,,,4,2
,,,SPC,0,1
,70391,W,QBA,2,14
,,,,3,5
,,,QCS,4,1
,70401,W,QBA,4,43
,,,,5,2
,70409,W,QBA,3,1
,,,,4,3
,,,,5,1
,,,QCS,2,1
,,,,4,1
,,,QIS,2,1
,,,,3,3
,,,,4,1
,70416,W,BUS,4,1
,,,QBA,4,2
,,,QIS,3,1
,,,,4,2
,70447,W,QBA,5,1
,70469,W,QBA,2,1
,,,,3,2
,,,,4,6
,70471,W,QBA,2,1
,,,,3,4
,,,,4,7
,70482,W,BUS,4,1
,,,QBA,3,2
,,,,4,1
,70492,W,QBA,3,15
,,,,4,2
,,,QCS,4,1
,73102,W,QBA,1,20
,,,,2,7
,,,,3,1
,,,QBS,4,2
,,,QCS,3,4
,,,QIS,2,1
,,,,3,4
,73103,W,QBA,1,1
,,,,2,7
,,,,3,4
,,,,4,1
,,,QCS,4,1
,73347,W,QBA,2,1
,,,,3,2
,,,,4,5
,,,QIS,2,1
,,,SPC,0,1
,73369,W,BUS,4,1
,,,QBA,2,1
,,,,3,3
,,,,4,7
,,,SPC,0,2
,73421,W,QBA,2,1
,,,,3,1
,,,,4,5
,76101,W,QBA,1,11
,,,QBS,1,1
,,,,2,1
,,,QIS,1,3
,,,,2,1
,,WW,QBA,1,6
,,,QCS,1,5
,,,,2,1
,,,QIS,1,3
,,X,QBA,1,3
,,,QCS,1,10
,,,QIS,1,3
,,XX,QBA,1,8
,,,,2,2
,,,QBS,1,3
,,,QCS,2,1
,,YY,QBA,1,3
,,,QCS,1,10
,,,QIS,1,3
,,Z,QBA,1,4
,,,QBS,1,5
,,,QIS,1,7
,76270,W,ISP,2,1
,,,QBA,3,1
,,,QBS,3,1
,,,,4,1
,,,QCS,2,10
,,,,3,2
,,,,4,2
,,X,QIS,3,9
,,,,4,1
,,Y,QIS,3,15
,76318,W,QBA,2,1
,,,,4,3
,,,QCS,3,1
,,,,4,1
,,,QIS,3,1
,,,,4,1
,,,,5,1
,76328,W,CMQ,4,1
,,,ISP,2,1
,,,QBA,2,2
,,,QCS,1,3
,,,,2,1
,,,,4,1
,,,QIS,3,6
,76370,W,QIS,4,1
,76459,W4,QBA,2,1
,,,,3,1
,,,QIS,4,3
,,,SPC,0,1
,79104,W,QBA,1,5
,,,,2,1
,,,,3,4
,,,QBS,1,1
,,,QCS,2,1
,,,,3,2
,,,,4,2
,,,QIS,2,1
,,,,4,1
,79237,W,CMQ,4,1
,,,QBA,2,1
,,,,3,2
,,,,4,3
,,,QBS,4,2
,,,QCS,2,1
,,,,4,1
,,,,5,1
,,,QIS,3,5
,,,,4,1
,79271,W4,QBA,3,1
,,,,4,2
,,,QCS,2,1
,,,,3,1
,,,,4,1
,79286,W,QBA,1,2
,,,,3,3
,,,,5,1
,,,QBS,4,1
,,,QCS,1,4
,,,,2,1
,,,QIS,2,1
,,,,4,4
,79361,W,CMQ,5,1
,,,CS,2,1
,,,QBA,4,10
,,,QBS,4,3
,,,QCS,4,2
,,,QIS,3,1
,,,,4,8
,,,,5,2
,79393,W,CMQ,4,1
,,,QBA,1,1
,,,,2,1
,,,,3,1
,,,,4,1
,,,QCS,2,1
,,,,5,1
,,,QIS,2,4
,,,,3,2
,,,,4,3
,,,,5,1
,,,SPC,0,1
,79465,W,QBA,4,8
,,,QBS,4,4
,,,QCS,4,5
,,,,5,1
,,,QIS,4,7
,79491,W,QCS,2,1
,,,,3,1
,,WW,QBA,4,1
,80249,W,CMQ,4,1
,,,QBA,1,2
,,,,2,3
,,,,3,1
,,,,4,1
,,,QBS,1,2
,,,QCS,2,7
,,,,3,2
,,,,4,1
,,,SPC,0,3
,82103,W,QBA,2,2
,,,QBS,1,2
,,,,2,2
,,,QCS,2,1
,,,,3,1
,,,QIS,1,1
,,,,2,5
,,,,3,1
,82104,W,QBA,5,1
,,,QCS,2,1
,,,QIS,2,1
,,,,4,2
,82141,W,BUS,4,1
,,,QBS,1,3
,,,,4,1
,,,QCS,1,1
,,,QIS,1,1
,82142,W,QBA,2,1
,,,QBS,4,1
,,,QCS,4,1
,,,SPC,0,3
,82201,W,QIS,3,1
,82202,W,QIS,3,1
,,,,4,1
,,,SPC,0,1
,82242,W,CS,2,1
,,,QCS,3,1
,,,SPC,0,1
,82277,W,CMQ,5,1
,,,QBA,2,3
,,,QIS,2,1
,,,,3,3
,,,,4,2
,82313,W,ECE,2,1
,,,QBA,2,1
,,,,3,4
,,,QIS,3,3
,,,,4,1
,,,SPC,0,3
,85241,W,ECE,2,1
,,,QBA,1,1
,,,QBS,2,1
,,,,3,1
,,,QCS,2,6
,,,,3,1
,,,QIS,2,10
,,,,3,7
,,,,4,1
,85251,W,CS,2,1
,,,QBA,1,20
,,,,2,1
,,,,4,2
,,,QBS,1,2
,,,QCS,1,17
,,,,2,3
,,,QIS,1,6
,,,,3,2
,85310,W,CMQ,4,1
,,,QBA,3,2
,,,,4,1
,,,QBS,4,2
,,,QCS,4,2
,,,QIS,4,1
,,,,5,1
,85350,W,QBA,2,1
,,,,4,2
,,,QIS,3,2
,,,SPC,0,1
,85364,W,QCS,3,1
,,,QIS,4,4
,98000,W,QBA,4,1
,,,QBS,4,2
,,,QCS,2,1
,,,,4,1
,98031,W3,QCS,2,5
,,,,3,1
,,,,4,1
,,,QIS,2,1
,,,,3,2
,98051,W3,QBA,4,1
,,,QBS,4,2
,,,QCS,3,1
,,,,4,2
,,,QIS,4,1
,98147,W3,QBA,1,3
,,,,3,1
,,,,4,13
,,,QBS,2,4
,,,,5,1
,,,QCS,1,1
,,,QIS,4,7
,98193,W3,QCS,1,4
,,,,5,1
,,,QIS,4,3
,98351,W3,QBS,4,1
,99262,W3,QBA,4,1
,,,QBS,3,4
,,,,4,2
,,,QIS,2,13
,,,,3,6
,99408,W3,QBA,1,1
,,,,2,2
,,,,3,3
,,,QCS,1,1
,,,,2,1
,,,,4,1
,,,QIS,1,2
,,,,2,2
,,,,3,1
,99410,W,QIS,4,1
,QC211,2,QBS,2,15
,,,,3,3
,,W,QBS,2,15
,,,,3,3
,QG102,W,QBA,5,1
,QG121,W,QIS,4,1
,QG370,W,QBA,2,1
,,,,3,1
,,,QCS,2,1
,QV116,W,QBA,3,1
,QV319,W,QIS,1,1
S25,2250,2,QBS,1,3
,,,,3,11
,,,,4,6
,,W,QBS,1,3
,,,,3,11
,,,,4,6
,3117,W,QBS,1,12
,3119,W3,QBA,4,1
,,,QBS,1,11
,,,,2,5
,,,,3,8
,,,,4,6
,3129,W,QCS,1,4
,,,,2,14
,,,QIS,2,1
,3202,W,QBS,2,12
,3231,2,QBS,2,10
,,W,QBS,2,10
,3240,2,QBS,1,3
,,,,2,10
,,W,QBS,1,3
,,,,2,10
,3290,W4,QBS,2,4
,3344,2,QBS,3,11
,,,,4,1
,,W,QBS,3,11
,,,,4,1
,3362,W,QBS,3,5
,,,,4,2
,3390,W,QBS,3,2
,,,,4,3
,3410,W4,QBS,4,7
,3412,W,QBS,3,12
,3442,W,QBS,3,4
,,,,4,1
,3445,2,QBS,2,4
,,,,3,3
,,,,4,4
,,W,QBS,3,1
,,,,4,1
,,X,QBS,2,1
,,,,4,1
,,XX,QBS,2,1
,,,,3,1
,,Y,QBS,2,1
,,,,4,2
,,YY,QBS,2,1
,,ZZ,QBS,3,1
,3545,W,QBS,4,6
,5391,W,QCS,3,1
,,,,4,5
,,,,5,2
,,,QIS,1,3
,,,,2,24
,,,,3,2
,7599,W,QCS,4,1
,9106,W,QBS,1,16
,,,,4,1
,9111,W,QBA,1,2
,,,QCS,2,9
,,,,3,2
,,,,4,5
,9122,1,QBS,1,5
,,W,QBS,1,5
,9218,W,QBS,2,10
,,,,3,1
,,,,4,1
,9445,W,QBS,4,1
,,X,QBS,2,1
,15110,3,QBA,2,1
,,,QBS,1,15
,,,,2,1
,,,,3,1
,,,SPC,0,1
,,W,QBA,2,1
,,,QBS,1,15
,,,,2,1
,,,,3,1
,,,SPC,0,1
,15112,W,QBA,1,3
,,,,4,1
,,,QBS,2,1
,,,QCS,1,4
,,,QIS,1,32
,,,,2,3
,15122,3,QCS,1,22
,,,,2,6
,,,,3,2
,,,,4,1
,,,QIS,1,1
,,,,2,4
,,,,3,1
,,,SPC,0,1
,,W,QCS,1,22
,,,,2,6
,,,,3,2
,,,,4,1
,,,QIS,1,1
,,,,2,4
,,,,3,1
,,,SPC,0,1
,15210,W,QBA,4,1
,,,QCS,2,23
,,,,3,4
,,,,5,1
,15251,2,QCS,1,2
,,,,2,25
,,,,3,5
,,W,QCS,1,2
,,,,2,25
,,,,3,5
,15288,W,QBA,2,1
,,,,3,1
,,,QCS,1,7
,,,,2,2
,,,,3,3
,,,,4,2
,,,QIS,1,1
,,,,2,1
,15330,1,QCS,3,7
,,,,4,7
,,W,QCS,3,7
,,,,4,7
,15390,1,QCS,2,1
,,,,4,1
,,,QIS,3,7
,,W,QCS,2,1
,,,,4,1
,,,QIS,3,7
,15441,1,QCS,3,3
,,,,4,6
,,,,5,1
,,W,QCS,3,3
,,,,4,6
,,,,5,1
,15591,W,QCS,2,7
,,,,3,2
,,,,4,1
,,,,5,1
,17425,W3,QBA,1,1
,,,QCS,4,1
,21111,W,QBA,1,9
,,,QBS,1,2
,,,QCS,1,1
,,,QIS,1,1
,,,SPC,0,1
,21112,X,QBA,1,22
,,,,2,1
,,,QBS,1,8
,,,,2,1
,21122,W,QBA,1,1
,,,QCS,1,17
,,,,2,1
,21127,W,QBA,1,3
,,,,2,2
,,,QBS,1,2
,,,QCS,1,16
,,,,2,1
,,,QIS,2,3
,,,,4,1
,,,SPC,0,2
,21150,W,QBA,4,1
,,,QBS,4,2
,,,QCS,3,1
,,,,4,1
,,,QIS,2,1
,,,,3,4
,,,,4,3
,33104,W,QCS,2,3
,,,,3,11
,,,,4,2
,,,,5,1
,33122,2,QBS,3,1
,,,,4,4
,,,QCS,4,1
,,,,5,1
,,W,QBS,3,1
,,,,4,4
,,,QCS,4,1
,,,,5,1
,36218,W,QCS,1,6
,,,,2,23
,,,,3,7
,,,SPC,0,1
,36315,W,QIS,3,2
,,,SPC,0,3
,38110,W,BSC,3,1
,38220,W,QBA,4,1
,38230,W,QBS,2,12
,38430,W,QBS,4,1
,51150,W3,QBA,1,1
,,,,2,4
,,,,3,1
,,,,4,2
,,,QBS,1,1
,,,,2,1
,,,,4,1
,,,QCS,2,1
,,,,3,1
,,,QIS,2,1
,,,,3,4
,,,,4,1
,66182,W,QIS,1,33
,,,,3,1
,66236,W,QBS,1,2
,,,,3,1
,,,QIS,2,4
,66502,W,QIS,4,1
,,X,QIS,4,1
,,Y,QIS,4,1
,67250,W,QIS,1,18
,,,,2,1
,,X,QCS,2,3
,,,,3,1
,,,QIS,1,16
,67272,4,QBA,4,1
,,,QIS,2,20
,,,,3,5
,,W,QBA,4,1
,,,QIS,2,12
,,,,3,1
,,X,QIS,2,8
,,,,3,4
,67352,W,QBA,3,1
,,,QCS,3,1
,,,QIS,2,3
,,,,3,13
,,,,4,1
,67357,W,QBA,4,1
,,,QIS,2,4
,,,,3,10
,67373,2,QIS,3,22
,,,,4,10
,,,,5,2
,,W,QIS,3,4
,,,,4,3
,,X,QIS,3,9
,,Y,QIS,3,9
,,Z,QIS,4,7
,,,,5,2
,67425,W,QIS,4,5
,67426,W,QIS,4,9
,67427,W,QIS,4,5
,67443,W,QIS,3,1
,,,,4,19
,67474,W,QBA,4,5
,,,QCS,4,3
,,,QIS,4,14
,,,,5,1
,69097,W,QBA,4,5
,,,QIS,4,1
,69103,W4,CMQ,5,1
,,,QBA,3,1
,,,,4,5
,,,QBS,4,3
,,,QCS,3,4
,,,,4,6
,,,QIS,4,2
,69130,W3,QBA,4,2
,,,QBS,3,1
,,,QCS,3,1
,,,,4,1
,,,QIS,4,2
,69134,W3,QBA,3,1
,,,QBS,4,1
,,,QCS,3,1
,,,,4,5
,,,QIS,3,1
,,,,4,1
,70106,W,QBA,1,37
,,,,2,2
,,,QIS,3,1
,70122,W,QBA,1,21
,,,,2,2
,,,QCS,3,4
,,,,4,1
,,,QIS,3,1
,70201,W,QBA,4,1
,70204,W4,QBA,2,1
,,,,3,30
,70208,W,QBA,1,38
,,,,2,5
,,,QIS,1,1
,,,,3,1
,70257,W,QBA,2,27
,,,,3,5
,,,,4,5
,70311,W,QBA,2,14
,,,,3,3
,,,,4,2
,,,QBS,3,1
,,,QCS,2,3
,,,QIS,4,1
,,,SPC,0,1
,70332,W,QBA,2,1
,,,,3,10
,,,,4,11
,,,QCS,3,1
,,,,4,2
,70342,W,QBA,3,9
,,,,4,5
,,,,5,1
,,,QCS,3,1
,,,,4,3
,,,,5,1
,70345,W,QBA,3,8
,,,,4,9
,,X,QBA,3,12
,,,,4,4
,70371,W,QBA,1,1
,,,,2,13
,,,,3,2
,,,SPC,0,4
,70374,W,QBA,2,3
,,,,4,5
,70381,W,QBA,2,19
,,,,3,6
,,,QCS,3,1
,,,,4,2
,,,,5,1
,,,QIS,2,1
,70387,W,QBA,3,10
,,,,4,12
,,,QBS,4,2
,,,QCS,4,2
,,,QIS,4,1
,70391,W,QBA,2,15
,,,,3,9
,70395,W,QBA,2,1
,,,,3,1
,,,,4,1
,,,QIS,4,3
,,,SPC,0,1
,70401,W,QBA,4,36
,,,,5,1
,70416,W,QBA,3,1
,,,,4,5
,,,QIS,3,1
,,,,4,4
,70457,W3,QBA,4,6
,70460,W,QBA,3,1
,,,,4,2
,70471,W,QBA,2,1
,,,,3,4
,,,,4,1
,70482,W,QBA,2,1
,,,,3,2
,,,,4,1
,,,,5,1
,,,QCS,2,1
,70492,W,QBA,2,1
,,,,3,5
,,,,4,2
,,,SPC,0,1
,70495,W,QBA,2,1
,,,,3,6
,,,,4,6
,70500,W,QBA,4,1
,73102,W,QBA,1,18
,,,,2,2
,,,,3,1
,,,QBS,1,1
,,,QCS,2,4
,,,,3,1
,,,,4,2
,,,QIS,1,1
,,,,2,1
,,,,4,1
,73103,W,QBA,2,3
,,,,3,2
,,,,4,2
,,,QCS,2,1
,,,,3,1
,,,QIS,3,2
,73354,W,QBA,2,4
,,,,3,3
,,,,4,6
,73421,W,QBA,3,1
,,,,4,3
,76101,W,QBA,1,12
,,,QBS,1,1
,,,QIS,1,3
,,WW,QBA,1,4
,,,,2,1
,,,QCS,1,6
,,,QIS,1,5
,,X,QBA,1,3
,,,,2,1
,,,QBS,1,8
,,,QCS,1,1
,,,QIS,1,3
,,XX,QBA,1,3
,,,QCS,1,8
,,,QIS,1,4
,,,,2,1
,,Y,QBA,1,4
,,,QBS,2,1
,,,QCS,1,4
,,,QIS,1,7
,,YY,QBA,1,5
,,,QCS,1,6
,,,QIS,1,5
,,Z,QBA,1,6
,,,QBS,1,4
,,,QIS,1,5
,76270,W,QIS,3,7
,,,,4,8
,,X,QIS,3,12
,76304,W,QBS,4,1
,76327,W,QIS,2,7
,76345,W4,QBA,2,3
,,,,4,3
,,,QCS,5,1
,,,QIS,3,2
,76357,W,QBA,2,1
,,,,3,1
,,,QBS,3,1
,,,,4,1
,,,QCS,1,2
,,,,2,1
,,,QIS,2,2
,76373,W,QBA,2,2
,,,,3,2
,,,QBS,2,1
,,,QCS,2,2
,,,,5,1
,,,QIS,2,1
,79104,W,QBA,2,4
,,,QCS,2,3
,,,,3,2
,,,,4,1
,,,QIS,2,1
,,,,3,6
,,,,4,1
,,,SPC,0,1
,79286,W,QBA,2,2
,,,,3,1
,,,,4,1
,,,QCS,1,3
,,,QIS,3,1
,79293,W,QBA,2,8
,,,,3,1
,,,QBS,3,1
,,,,4,2
,,,QIS,2,2
,,,,3,2
,,,,4,5
,79378,W,QBA,2,6
,,,,3,8
,,,,4,2
,,,QCS,4,1
,,,QIS,2,6
,,,,3,1
,,,,4,1
,79391,W,CMQ,5,1
,,,QBA,3,2
,,,,4,6
,,,QCS,3,3
,,,,4,1
,,,QIS,3,9
,,,,4,2
,79465,W,CMQ,5,1
,,,QBA,4,7
,,,QBS,4,1
,,,QCS,4,1
,,,QIS,2,2
,,,,3,1
,,,,4,10
,80130,W,QBA,2,2
,,,,3,4
,,,,4,1
,,,QCS,1,1
,,,,2,1
,,,,4,2
,,,QIS,3,2
,,,,4,2
,,,SPC,0,1
,82102,W,QBA,3,1
,,,QCS,2,1
,,,QIS,3,2
,,,SPC,0,1
,82112,W,QBA,1,2
,,,QBS,4,1
,,,SPC,0,2
,82142,W,QBA,2,2
,,,QBS,4,1
,82193,W3,QBA,1,1
,,,QBS,4,1
,,,QIS,3,2
,,,,4,1
,,W4,QBA,1,1
,,,,2,1
,,,,3,1
,,,,4,1
,,,QCS,4,2
,,X3,QBA,3,1
,,,QBS,4,2
,,,QIS,3,1
,82289,W,QBA,3,1
,,,QIS,1,4
,82299,W,QIS,1,7
,,,,2,2
,82511,W,QBA,1,1
,,,,2,4
,,,,3,1
,,,QBS,3,1
,,,,4,1
,,,QIS,4,4
,85211,W,QBA,2,4
,,,,3,3
,,,QBS,1,1
,,,,2,8
,,,,3,5
,,,QCS,2,1
,,,,3,1
,,,QIS,2,18
,,,,3,7
,,,,4,5
,,X,QBA,2,11
,,,,3,1
,,,QBS,1,1
,,,QCS,1,15
,,,,2,4
,,,,3,1
,,,QIS,1,5
,,,,2,4
,,,SPC,0,2
,85219,W,QBS,1,4
,,,,2,2
,,,,3,5
,,,,4,3
,,,QCS,3,3
,,,,4,3
,,,QIS,1,2
,,,,2,4
,,,,3,2
,85241,W,QBA,1,1
,,,,2,2
,,,QBS,3,1
,,,,4,1
,,,QCS,2,3
,,,,4,2
,,,,5,1
,,,QIS,1,9
,,,,2,15
,,,,4,1
,85253,W4,QBA,2,4
,,,,4,2
,,,QBS,1,7
,,,,2,3
,,,,4,3
,,,QCS,2,2
,,,QIS,4,4
,85310,W,QBA,3,2
,,,,4,1
,,,,5,1
,,,QBS,2,1
,,,,3,1
,,,QCS,4,1
,,,,5,1
,,,QIS,4,3
,85364,W,QBA,1,1
,,,,2,1
,,,,4,1
,,,QBS,2,1
,,,,3,1
,,,QCS,1,1
,,,QIS,3,1
,98027,W3,QBA,2,2
,,,,3,2
,,,,4,1
,,,QCS,1,1
,,,,2,1
,,,,3,1
,,,QIS,3,7
,,,,4,1
,98028,W3,CMQ,5,1
,,,QBA,4,1
,,,QBS,4,1
,,,QCS,3,1
,,,QIS,4,2
,98029,W3,QBA,1,1
,,,,4,1
,,,QCS,2,1
,,,,4,1
,,,QIS,1,2
,,,,2,2
,,,,4,1
,99250,W3,QBS,1,4
,,,QCS,1,1
,,,QIS,1,2
,,X3,QBA,1,5
,,,QIS,1,4
,99401,W,QIS,4,1
,99408,W3,QBA,2,1
,,,QBS,1,1
,,,QIS,1,3
,,,,3,4
,99430,A,CIT,4,1
,,,,5,1
,,,CMQ,5,2
,QC211,2,QBS,2,10
,,W,QBS,2,10
,QG102,W,QBA,4,1